-- phpMyAdmin SQL Dump
-- version 4.4.12
-- http://www.phpmyadmin.net
--
-- Host: 127.0.0.1
-- Generation Time: Dec 27, 2016 at 03:24 PM
-- Server version: 5.6.25
-- PHP Version: 5.6.11

SET SQL_MODE = "NO_AUTO_VALUE_ON_ZERO";
SET time_zone = "+00:00";


/*!40101 SET @OLD_CHARACTER_SET_CLIENT=@@CHARACTER_SET_CLIENT */;
/*!40101 SET @OLD_CHARACTER_SET_RESULTS=@@CHARACTER_SET_RESULTS */;
/*!40101 SET @OLD_COLLATION_CONNECTION=@@COLLATION_CONNECTION */;
/*!40101 SET NAMES utf8mb4 */;

--
-- Database: `bandungmall`
--

-- --------------------------------------------------------

--
-- Table structure for table `admin`
--

CREATE TABLE IF NOT EXISTS `admin` (
  `id` int(11) NOT NULL,
  `username` varchar(255) NOT NULL,
  `password` varchar(255) NOT NULL,
  `created_at` datetime NOT NULL,
  `updated_at` datetime NOT NULL
) ENGINE=MyISAM AUTO_INCREMENT=6 DEFAULT CHARSET=latin1;

--
-- Dumping data for table `admin`
--

INSERT INTO `admin` (`id`, `username`, `password`, `created_at`, `updated_at`) VALUES
(1, 'admin', 'dead8e06e29e857bd38893cba7a73d92', '2015-09-08 04:21:53', '2015-09-08 04:21:53'),
(4, 'hendri', '5f4dcc3b5aa765d61d8327deb882cf99', '2016-12-11 19:45:52', '2016-12-11 19:45:52');

-- --------------------------------------------------------

--
-- Table structure for table `area`
--

CREATE TABLE IF NOT EXISTS `area` (
  `id` int(11) NOT NULL,
  `area_name` varchar(255) NOT NULL,
  `created_at` datetime NOT NULL,
  `updated_at` datetime NOT NULL
) ENGINE=MyISAM AUTO_INCREMENT=502 DEFAULT CHARSET=latin1;

--
-- Dumping data for table `area`
--

INSERT INTO `area` (`id`, `area_name`, `created_at`, `updated_at`) VALUES
(1, 'Aceh Barat', '2015-03-31 00:00:00', '2015-03-31 00:00:00'),
(2, 'Aceh Barat Daya', '2015-03-31 00:00:00', '2015-03-31 00:00:00'),
(3, 'Aceh Besar', '2015-03-31 00:00:00', '2015-03-31 00:00:00'),
(4, 'Aceh Jaya', '2015-03-31 00:00:00', '2015-03-31 00:00:00'),
(5, 'Aceh Selatan', '2015-03-31 00:00:00', '2015-03-31 00:00:00'),
(6, 'Aceh Singkil', '2015-03-31 00:00:00', '2015-03-31 00:00:00'),
(7, 'Aceh Tamiang', '2015-03-31 00:00:00', '2015-03-31 00:00:00'),
(8, 'Aceh Tengah', '2015-03-31 00:00:00', '2015-03-31 00:00:00'),
(9, 'Aceh Tenggara', '2015-03-31 00:00:00', '2015-03-31 00:00:00'),
(10, 'Aceh Timur', '2015-03-31 00:00:00', '2015-03-31 00:00:00'),
(11, 'Aceh Utara', '2015-03-31 00:00:00', '2015-03-31 00:00:00'),
(12, 'Agam', '2015-03-31 00:00:00', '2015-03-31 00:00:00'),
(13, 'Alor', '2015-03-31 00:00:00', '2015-03-31 00:00:00'),
(14, 'Ambon', '2015-03-31 00:00:00', '2015-03-31 00:00:00'),
(15, 'Asahan', '2015-03-31 00:00:00', '2015-03-31 00:00:00'),
(16, 'Asmat', '2015-03-31 00:00:00', '2015-03-31 00:00:00'),
(17, 'Badung', '2015-03-31 00:00:00', '2015-03-31 00:00:00'),
(18, 'Balangan', '2015-03-31 00:00:00', '2015-03-31 00:00:00'),
(19, 'Balikpapan', '2015-03-31 00:00:00', '2015-03-31 00:00:00'),
(20, 'Banda Aceh', '2015-03-31 00:00:00', '2015-03-31 00:00:00'),
(21, 'Bandar Lampung', '2015-03-31 00:00:00', '2015-03-31 00:00:00'),
(22, 'Bandung', '2015-03-31 00:00:00', '2015-03-31 00:00:00'),
(23, 'Bandung', '2015-03-31 00:00:00', '2015-03-31 00:00:00'),
(24, 'Bandung Barat', '2015-03-31 00:00:00', '2015-03-31 00:00:00'),
(25, 'Banggai', '2015-03-31 00:00:00', '2015-03-31 00:00:00'),
(26, 'Banggai Kepulauan', '2015-03-31 00:00:00', '2015-03-31 00:00:00'),
(27, 'Bangka', '2015-03-31 00:00:00', '2015-03-31 00:00:00'),
(28, 'Bangka Barat', '2015-03-31 00:00:00', '2015-03-31 00:00:00'),
(29, 'Bangka Selatan', '2015-03-31 00:00:00', '2015-03-31 00:00:00'),
(30, 'Bangka Tengah', '2015-03-31 00:00:00', '2015-03-31 00:00:00'),
(31, 'Bangkalan', '2015-03-31 00:00:00', '2015-03-31 00:00:00'),
(32, 'Bangli', '2015-03-31 00:00:00', '2015-03-31 00:00:00'),
(33, 'Banjar', '2015-03-31 00:00:00', '2015-03-31 00:00:00'),
(34, 'Banjar', '2015-03-31 00:00:00', '2015-03-31 00:00:00'),
(35, 'Banjarbaru', '2015-03-31 00:00:00', '2015-03-31 00:00:00'),
(36, 'Banjarmasin', '2015-03-31 00:00:00', '2015-03-31 00:00:00'),
(37, 'Banjarnegara', '2015-03-31 00:00:00', '2015-03-31 00:00:00'),
(38, 'Bantaeng', '2015-03-31 00:00:00', '2015-03-31 00:00:00'),
(39, 'Bantul', '2015-03-31 00:00:00', '2015-03-31 00:00:00'),
(40, 'Banyuasin', '2015-03-31 00:00:00', '2015-03-31 00:00:00'),
(41, 'Banyumas', '2015-03-31 00:00:00', '2015-03-31 00:00:00'),
(42, 'Banyuwangi', '2015-03-31 00:00:00', '2015-03-31 00:00:00'),
(43, 'Barito Kuala', '2015-03-31 00:00:00', '2015-03-31 00:00:00'),
(44, 'Barito Selatan', '2015-03-31 00:00:00', '2015-03-31 00:00:00'),
(45, 'Barito Timur', '2015-03-31 00:00:00', '2015-03-31 00:00:00'),
(46, 'Barito Utara', '2015-03-31 00:00:00', '2015-03-31 00:00:00'),
(47, 'Barru', '2015-03-31 00:00:00', '2015-03-31 00:00:00'),
(48, 'Batam', '2015-03-31 00:00:00', '2015-03-31 00:00:00'),
(49, 'Batang', '2015-03-31 00:00:00', '2015-03-31 00:00:00'),
(50, 'Batang Hari', '2015-03-31 00:00:00', '2015-03-31 00:00:00'),
(51, 'Batu', '2015-03-31 00:00:00', '2015-03-31 00:00:00'),
(52, 'Batu Bara', '2015-03-31 00:00:00', '2015-03-31 00:00:00'),
(53, 'Bau-Bau', '2015-03-31 00:00:00', '2015-03-31 00:00:00'),
(54, 'Bekasi', '2015-03-31 00:00:00', '2015-03-31 00:00:00'),
(55, 'Bekasi', '2015-03-31 00:00:00', '2015-03-31 00:00:00'),
(56, 'Belitung', '2015-03-31 00:00:00', '2015-03-31 00:00:00'),
(57, 'Belitung Timur', '2015-03-31 00:00:00', '2015-03-31 00:00:00'),
(58, 'Belu', '2015-03-31 00:00:00', '2015-03-31 00:00:00'),
(59, 'Bener Meriah', '2015-03-31 00:00:00', '2015-03-31 00:00:00'),
(60, 'Bengkalis', '2015-03-31 00:00:00', '2015-03-31 00:00:00'),
(61, 'Bengkayang', '2015-03-31 00:00:00', '2015-03-31 00:00:00'),
(62, 'Bengkulu', '2015-03-31 00:00:00', '2015-03-31 00:00:00'),
(63, 'Bengkulu Selatan', '2015-03-31 00:00:00', '2015-03-31 00:00:00'),
(64, 'Bengkulu Tengah', '2015-03-31 00:00:00', '2015-03-31 00:00:00'),
(65, 'Bengkulu Utara', '2015-03-31 00:00:00', '2015-03-31 00:00:00'),
(66, 'Berau', '2015-03-31 00:00:00', '2015-03-31 00:00:00'),
(67, 'Biak Numfor', '2015-03-31 00:00:00', '2015-03-31 00:00:00'),
(68, 'Bima', '2015-03-31 00:00:00', '2015-03-31 00:00:00'),
(69, 'Bima', '2015-03-31 00:00:00', '2015-03-31 00:00:00'),
(70, 'Binjai', '2015-03-31 00:00:00', '2015-03-31 00:00:00'),
(71, 'Bintan', '2015-03-31 00:00:00', '2015-03-31 00:00:00'),
(72, 'Bireuen', '2015-03-31 00:00:00', '2015-03-31 00:00:00'),
(73, 'Bitung', '2015-03-31 00:00:00', '2015-03-31 00:00:00'),
(74, 'Blitar', '2015-03-31 00:00:00', '2015-03-31 00:00:00'),
(75, 'Blitar', '2015-03-31 00:00:00', '2015-03-31 00:00:00'),
(76, 'Blora', '2015-03-31 00:00:00', '2015-03-31 00:00:00'),
(77, 'Boalemo', '2015-03-31 00:00:00', '2015-03-31 00:00:00'),
(78, 'Bogor', '2015-03-31 00:00:00', '2015-03-31 00:00:00'),
(79, 'Bogor', '2015-03-31 00:00:00', '2015-03-31 00:00:00'),
(80, 'Bojonegoro', '2015-03-31 00:00:00', '2015-03-31 00:00:00'),
(81, 'Bolaang Mongondow (Bolmong)', '2015-03-31 00:00:00', '2015-03-31 00:00:00'),
(82, 'Bolaang Mongondow Selatan', '2015-03-31 00:00:00', '2015-03-31 00:00:00'),
(83, 'Bolaang Mongondow Timur', '2015-03-31 00:00:00', '2015-03-31 00:00:00'),
(84, 'Bolaang Mongondow Utara', '2015-03-31 00:00:00', '2015-03-31 00:00:00'),
(85, 'Bombana', '2015-03-31 00:00:00', '2015-03-31 00:00:00'),
(86, 'Bondowoso', '2015-03-31 00:00:00', '2015-03-31 00:00:00'),
(87, 'Bone', '2015-03-31 00:00:00', '2015-03-31 00:00:00'),
(88, 'Bone Bolango', '2015-03-31 00:00:00', '2015-03-31 00:00:00'),
(89, 'Bontang', '2015-03-31 00:00:00', '2015-03-31 00:00:00'),
(90, 'Boven Digoel', '2015-03-31 00:00:00', '2015-03-31 00:00:00'),
(91, 'Boyolali', '2015-03-31 00:00:00', '2015-03-31 00:00:00'),
(92, 'Brebes', '2015-03-31 00:00:00', '2015-03-31 00:00:00'),
(93, 'Bukittinggi', '2015-03-31 00:00:00', '2015-03-31 00:00:00'),
(94, 'Buleleng', '2015-03-31 00:00:00', '2015-03-31 00:00:00'),
(95, 'Bulukumba', '2015-03-31 00:00:00', '2015-03-31 00:00:00'),
(96, 'Bulungan (Bulongan)', '2015-03-31 00:00:00', '2015-03-31 00:00:00'),
(97, 'Bungo', '2015-03-31 00:00:00', '2015-03-31 00:00:00'),
(98, 'Buol', '2015-03-31 00:00:00', '2015-03-31 00:00:00'),
(99, 'Buru', '2015-03-31 00:00:00', '2015-03-31 00:00:00'),
(100, 'Buru Selatan', '2015-03-31 00:00:00', '2015-03-31 00:00:00'),
(101, 'Buton', '2015-03-31 00:00:00', '2015-03-31 00:00:00'),
(102, 'Buton Utara', '2015-03-31 00:00:00', '2015-03-31 00:00:00'),
(103, 'Ciamis', '2015-03-31 00:00:00', '2015-03-31 00:00:00'),
(104, 'Cianjur', '2015-03-31 00:00:00', '2015-03-31 00:00:00'),
(105, 'Cilacap', '2015-03-31 00:00:00', '2015-03-31 00:00:00'),
(106, 'Cilegon', '2015-03-31 00:00:00', '2015-03-31 00:00:00'),
(107, 'Cimahi', '2015-03-31 00:00:00', '2015-03-31 00:00:00'),
(108, 'Cirebon', '2015-03-31 00:00:00', '2015-03-31 00:00:00'),
(109, 'Cirebon', '2015-03-31 00:00:00', '2015-03-31 00:00:00'),
(110, 'Dairi', '2015-03-31 00:00:00', '2015-03-31 00:00:00'),
(111, 'Deiyai (Deliyai)', '2015-03-31 00:00:00', '2015-03-31 00:00:00'),
(112, 'Deli Serdang', '2015-03-31 00:00:00', '2015-03-31 00:00:00'),
(113, 'Demak', '2015-03-31 00:00:00', '2015-03-31 00:00:00'),
(114, 'Denpasar', '2015-03-31 00:00:00', '2015-03-31 00:00:00'),
(115, 'Depok', '2015-03-31 00:00:00', '2015-03-31 00:00:00'),
(116, 'Dharmasraya', '2015-03-31 00:00:00', '2015-03-31 00:00:00'),
(117, 'Dogiyai', '2015-03-31 00:00:00', '2015-03-31 00:00:00'),
(118, 'Dompu', '2015-03-31 00:00:00', '2015-03-31 00:00:00'),
(119, 'Donggala', '2015-03-31 00:00:00', '2015-03-31 00:00:00'),
(120, 'Dumai', '2015-03-31 00:00:00', '2015-03-31 00:00:00'),
(121, 'Empat Lawang', '2015-03-31 00:00:00', '2015-03-31 00:00:00'),
(122, 'Ende', '2015-03-31 00:00:00', '2015-03-31 00:00:00'),
(123, 'Enrekang', '2015-03-31 00:00:00', '2015-03-31 00:00:00'),
(124, 'Fakfak', '2015-03-31 00:00:00', '2015-03-31 00:00:00'),
(125, 'Flores Timur', '2015-03-31 00:00:00', '2015-03-31 00:00:00'),
(126, 'Garut', '2015-03-31 00:00:00', '2015-03-31 00:00:00'),
(127, 'Gayo Lues', '2015-03-31 00:00:00', '2015-03-31 00:00:00'),
(128, 'Gianyar', '2015-03-31 00:00:00', '2015-03-31 00:00:00'),
(129, 'Gorontalo', '2015-03-31 00:00:00', '2015-03-31 00:00:00'),
(130, 'Gorontalo', '2015-03-31 00:00:00', '2015-03-31 00:00:00'),
(131, 'Gorontalo Utara', '2015-03-31 00:00:00', '2015-03-31 00:00:00'),
(132, 'Gowa', '2015-03-31 00:00:00', '2015-03-31 00:00:00'),
(133, 'Gresik', '2015-03-31 00:00:00', '2015-03-31 00:00:00'),
(134, 'Grobogan', '2015-03-31 00:00:00', '2015-03-31 00:00:00'),
(135, 'Gunung Kidul', '2015-03-31 00:00:00', '2015-03-31 00:00:00'),
(136, 'Gunung Mas', '2015-03-31 00:00:00', '2015-03-31 00:00:00'),
(137, 'Gunungsitoli', '2015-03-31 00:00:00', '2015-03-31 00:00:00'),
(138, 'Halmahera Barat', '2015-03-31 00:00:00', '2015-03-31 00:00:00'),
(139, 'Halmahera Selatan', '2015-03-31 00:00:00', '2015-03-31 00:00:00'),
(140, 'Halmahera Tengah', '2015-03-31 00:00:00', '2015-03-31 00:00:00'),
(141, 'Halmahera Timur', '2015-03-31 00:00:00', '2015-03-31 00:00:00'),
(142, 'Halmahera Utara', '2015-03-31 00:00:00', '2015-03-31 00:00:00'),
(143, 'Hulu Sungai Selatan', '2015-03-31 00:00:00', '2015-03-31 00:00:00'),
(144, 'Hulu Sungai Tengah', '2015-03-31 00:00:00', '2015-03-31 00:00:00'),
(145, 'Hulu Sungai Utara', '2015-03-31 00:00:00', '2015-03-31 00:00:00'),
(146, 'Humbang Hasundutan', '2015-03-31 00:00:00', '2015-03-31 00:00:00'),
(147, 'Indragiri Hilir', '2015-03-31 00:00:00', '2015-03-31 00:00:00'),
(148, 'Indragiri Hulu', '2015-03-31 00:00:00', '2015-03-31 00:00:00'),
(149, 'Indramayu', '2015-03-31 00:00:00', '2015-03-31 00:00:00'),
(150, 'Intan Jaya', '2015-03-31 00:00:00', '2015-03-31 00:00:00'),
(151, 'Jakarta Barat', '2015-03-31 00:00:00', '2015-03-31 00:00:00'),
(152, 'Jakarta Pusat', '2015-03-31 00:00:00', '2015-03-31 00:00:00'),
(153, 'Jakarta Selatan', '2015-03-31 00:00:00', '2015-03-31 00:00:00'),
(154, 'Jakarta Timur', '2015-03-31 00:00:00', '2015-03-31 00:00:00'),
(155, 'Jakarta Utara', '2015-03-31 00:00:00', '2015-03-31 00:00:00'),
(156, 'Jambi', '2015-03-31 00:00:00', '2015-03-31 00:00:00'),
(157, 'Jayapura', '2015-03-31 00:00:00', '2015-03-31 00:00:00'),
(158, 'Jayapura', '2015-03-31 00:00:00', '2015-03-31 00:00:00'),
(159, 'Jayawijaya', '2015-03-31 00:00:00', '2015-03-31 00:00:00'),
(160, 'Jember', '2015-03-31 00:00:00', '2015-03-31 00:00:00'),
(161, 'Jembrana', '2015-03-31 00:00:00', '2015-03-31 00:00:00'),
(162, 'Jeneponto', '2015-03-31 00:00:00', '2015-03-31 00:00:00'),
(163, 'Jepara', '2015-03-31 00:00:00', '2015-03-31 00:00:00'),
(164, 'Jombang', '2015-03-31 00:00:00', '2015-03-31 00:00:00'),
(165, 'Kaimana', '2015-03-31 00:00:00', '2015-03-31 00:00:00'),
(166, 'Kampar', '2015-03-31 00:00:00', '2015-03-31 00:00:00'),
(167, 'Kapuas', '2015-03-31 00:00:00', '2015-03-31 00:00:00'),
(168, 'Kapuas Hulu', '2015-03-31 00:00:00', '2015-03-31 00:00:00'),
(169, 'Karanganyar', '2015-03-31 00:00:00', '2015-03-31 00:00:00'),
(170, 'Karangasem', '2015-03-31 00:00:00', '2015-03-31 00:00:00'),
(171, 'Karawang', '2015-03-31 00:00:00', '2015-03-31 00:00:00'),
(172, 'Karimun', '2015-03-31 00:00:00', '2015-03-31 00:00:00'),
(173, 'Karo', '2015-03-31 00:00:00', '2015-03-31 00:00:00'),
(174, 'Katingan', '2015-03-31 00:00:00', '2015-03-31 00:00:00'),
(175, 'Kaur', '2015-03-31 00:00:00', '2015-03-31 00:00:00'),
(176, 'Kayong Utara', '2015-03-31 00:00:00', '2015-03-31 00:00:00'),
(177, 'Kebumen', '2015-03-31 00:00:00', '2015-03-31 00:00:00'),
(178, 'Kediri', '2015-03-31 00:00:00', '2015-03-31 00:00:00'),
(179, 'Kediri', '2015-03-31 00:00:00', '2015-03-31 00:00:00'),
(180, 'Keerom', '2015-03-31 00:00:00', '2015-03-31 00:00:00'),
(181, 'Kendal', '2015-03-31 00:00:00', '2015-03-31 00:00:00'),
(182, 'Kendari', '2015-03-31 00:00:00', '2015-03-31 00:00:00'),
(183, 'Kepahiang', '2015-03-31 00:00:00', '2015-03-31 00:00:00'),
(184, 'Kepulauan Anambas', '2015-03-31 00:00:00', '2015-03-31 00:00:00'),
(185, 'Kepulauan Aru', '2015-03-31 00:00:00', '2015-03-31 00:00:00'),
(186, 'Kepulauan Mentawai', '2015-03-31 00:00:00', '2015-03-31 00:00:00'),
(187, 'Kepulauan Meranti', '2015-03-31 00:00:00', '2015-03-31 00:00:00'),
(188, 'Kepulauan Sangihe', '2015-03-31 00:00:00', '2015-03-31 00:00:00'),
(189, 'Kepulauan Seribu', '2015-03-31 00:00:00', '2015-03-31 00:00:00'),
(190, 'Kepulauan Siau Tagulandang Biaro (Sitaro)', '2015-03-31 00:00:00', '2015-03-31 00:00:00'),
(191, 'Kepulauan Sula', '2015-03-31 00:00:00', '2015-03-31 00:00:00'),
(192, 'Kepulauan Talaud', '2015-03-31 00:00:00', '2015-03-31 00:00:00'),
(193, 'Kepulauan Yapen (Yapen Waropen)', '2015-03-31 00:00:00', '2015-03-31 00:00:00'),
(194, 'Kerinci', '2015-03-31 00:00:00', '2015-03-31 00:00:00'),
(195, 'Ketapang', '2015-03-31 00:00:00', '2015-03-31 00:00:00'),
(196, 'Klaten', '2015-03-31 00:00:00', '2015-03-31 00:00:00'),
(197, 'Klungkung', '2015-03-31 00:00:00', '2015-03-31 00:00:00'),
(198, 'Kolaka', '2015-03-31 00:00:00', '2015-03-31 00:00:00'),
(199, 'Kolaka Utara', '2015-03-31 00:00:00', '2015-03-31 00:00:00'),
(200, 'Konawe', '2015-03-31 00:00:00', '2015-03-31 00:00:00'),
(201, 'Konawe Selatan', '2015-03-31 00:00:00', '2015-03-31 00:00:00'),
(202, 'Konawe Utara', '2015-03-31 00:00:00', '2015-03-31 00:00:00'),
(203, 'Kotabaru', '2015-03-31 00:00:00', '2015-03-31 00:00:00'),
(204, 'Kotamobagu', '2015-03-31 00:00:00', '2015-03-31 00:00:00'),
(205, 'Kotawaringin Barat', '2015-03-31 00:00:00', '2015-03-31 00:00:00'),
(206, 'Kotawaringin Timur', '2015-03-31 00:00:00', '2015-03-31 00:00:00'),
(207, 'Kuantan Singingi', '2015-03-31 00:00:00', '2015-03-31 00:00:00'),
(208, 'Kubu Raya', '2015-03-31 00:00:00', '2015-03-31 00:00:00'),
(209, 'Kudus', '2015-03-31 00:00:00', '2015-03-31 00:00:00'),
(210, 'Kulon Progo', '2015-03-31 00:00:00', '2015-03-31 00:00:00'),
(211, 'Kuningan', '2015-03-31 00:00:00', '2015-03-31 00:00:00'),
(212, 'Kupang', '2015-03-31 00:00:00', '2015-03-31 00:00:00'),
(213, 'Kupang', '2015-03-31 00:00:00', '2015-03-31 00:00:00'),
(214, 'Kutai Barat', '2015-03-31 00:00:00', '2015-03-31 00:00:00'),
(215, 'Kutai Kartanegara', '2015-03-31 00:00:00', '2015-03-31 00:00:00'),
(216, 'Kutai Timur', '2015-03-31 00:00:00', '2015-03-31 00:00:00'),
(217, 'Labuhan Batu', '2015-03-31 00:00:00', '2015-03-31 00:00:00'),
(218, 'Labuhan Batu Selatan', '2015-03-31 00:00:00', '2015-03-31 00:00:00'),
(219, 'Labuhan Batu Utara', '2015-03-31 00:00:00', '2015-03-31 00:00:00'),
(220, 'Lahat', '2015-03-31 00:00:00', '2015-03-31 00:00:00'),
(221, 'Lamandau', '2015-03-31 00:00:00', '2015-03-31 00:00:00'),
(222, 'Lamongan', '2015-03-31 00:00:00', '2015-03-31 00:00:00'),
(223, 'Lampung Barat', '2015-03-31 00:00:00', '2015-03-31 00:00:00'),
(224, 'Lampung Selatan', '2015-03-31 00:00:00', '2015-03-31 00:00:00'),
(225, 'Lampung Tengah', '2015-03-31 00:00:00', '2015-03-31 00:00:00'),
(226, 'Lampung Timur', '2015-03-31 00:00:00', '2015-03-31 00:00:00'),
(227, 'Lampung Utara', '2015-03-31 00:00:00', '2015-03-31 00:00:00'),
(228, 'Landak', '2015-03-31 00:00:00', '2015-03-31 00:00:00'),
(229, 'Langkat', '2015-03-31 00:00:00', '2015-03-31 00:00:00'),
(230, 'Langsa', '2015-03-31 00:00:00', '2015-03-31 00:00:00'),
(231, 'Lanny Jaya', '2015-03-31 00:00:00', '2015-03-31 00:00:00'),
(232, 'Lebak', '2015-03-31 00:00:00', '2015-03-31 00:00:00'),
(233, 'Lebong', '2015-03-31 00:00:00', '2015-03-31 00:00:00'),
(234, 'Lembata', '2015-03-31 00:00:00', '2015-03-31 00:00:00'),
(235, 'Lhokseumawe', '2015-03-31 00:00:00', '2015-03-31 00:00:00'),
(236, 'Lima Puluh Koto/Kota', '2015-03-31 00:00:00', '2015-03-31 00:00:00'),
(237, 'Lingga', '2015-03-31 00:00:00', '2015-03-31 00:00:00'),
(238, 'Lombok Barat', '2015-03-31 00:00:00', '2015-03-31 00:00:00'),
(239, 'Lombok Tengah', '2015-03-31 00:00:00', '2015-03-31 00:00:00'),
(240, 'Lombok Timur', '2015-03-31 00:00:00', '2015-03-31 00:00:00'),
(241, 'Lombok Utara', '2015-03-31 00:00:00', '2015-03-31 00:00:00'),
(242, 'Lubuk Linggau', '2015-03-31 00:00:00', '2015-03-31 00:00:00'),
(243, 'Lumajang', '2015-03-31 00:00:00', '2015-03-31 00:00:00'),
(244, 'Luwu', '2015-03-31 00:00:00', '2015-03-31 00:00:00'),
(245, 'Luwu Timur', '2015-03-31 00:00:00', '2015-03-31 00:00:00'),
(246, 'Luwu Utara', '2015-03-31 00:00:00', '2015-03-31 00:00:00'),
(247, 'Madiun', '2015-03-31 00:00:00', '2015-03-31 00:00:00'),
(248, 'Madiun', '2015-03-31 00:00:00', '2015-03-31 00:00:00'),
(249, 'Magelang', '2015-03-31 00:00:00', '2015-03-31 00:00:00'),
(250, 'Magelang', '2015-03-31 00:00:00', '2015-03-31 00:00:00'),
(251, 'Magetan', '2015-03-31 00:00:00', '2015-03-31 00:00:00'),
(252, 'Majalengka', '2015-03-31 00:00:00', '2015-03-31 00:00:00'),
(253, 'Majene', '2015-03-31 00:00:00', '2015-03-31 00:00:00'),
(254, 'Makassar', '2015-03-31 00:00:00', '2015-03-31 00:00:00'),
(255, 'Malang', '2015-03-31 00:00:00', '2015-03-31 00:00:00'),
(256, 'Malang', '2015-03-31 00:00:00', '2015-03-31 00:00:00'),
(257, 'Malinau', '2015-03-31 00:00:00', '2015-03-31 00:00:00'),
(258, 'Maluku Barat Daya', '2015-03-31 00:00:00', '2015-03-31 00:00:00'),
(259, 'Maluku Tengah', '2015-03-31 00:00:00', '2015-03-31 00:00:00'),
(260, 'Maluku Tenggara', '2015-03-31 00:00:00', '2015-03-31 00:00:00'),
(261, 'Maluku Tenggara Barat', '2015-03-31 00:00:00', '2015-03-31 00:00:00'),
(262, 'Mamasa', '2015-03-31 00:00:00', '2015-03-31 00:00:00'),
(263, 'Mamberamo Raya', '2015-03-31 00:00:00', '2015-03-31 00:00:00'),
(264, 'Mamberamo Tengah', '2015-03-31 00:00:00', '2015-03-31 00:00:00'),
(265, 'Mamuju', '2015-03-31 00:00:00', '2015-03-31 00:00:00'),
(266, 'Mamuju Utara', '2015-03-31 00:00:00', '2015-03-31 00:00:00'),
(267, 'Manado', '2015-03-31 00:00:00', '2015-03-31 00:00:00'),
(268, 'Mandailing Natal', '2015-03-31 00:00:00', '2015-03-31 00:00:00'),
(269, 'Manggarai', '2015-03-31 00:00:00', '2015-03-31 00:00:00'),
(270, 'Manggarai Barat', '2015-03-31 00:00:00', '2015-03-31 00:00:00'),
(271, 'Manggarai Timur', '2015-03-31 00:00:00', '2015-03-31 00:00:00'),
(272, 'Manokwari', '2015-03-31 00:00:00', '2015-03-31 00:00:00'),
(273, 'Manokwari Selatan', '2015-03-31 00:00:00', '2015-03-31 00:00:00'),
(274, 'Mappi', '2015-03-31 00:00:00', '2015-03-31 00:00:00'),
(275, 'Maros', '2015-03-31 00:00:00', '2015-03-31 00:00:00'),
(276, 'Mataram', '2015-03-31 00:00:00', '2015-03-31 00:00:00'),
(277, 'Maybrat', '2015-03-31 00:00:00', '2015-03-31 00:00:00'),
(278, 'Medan', '2015-03-31 00:00:00', '2015-03-31 00:00:00'),
(279, 'Melawi', '2015-03-31 00:00:00', '2015-03-31 00:00:00'),
(280, 'Merangin', '2015-03-31 00:00:00', '2015-03-31 00:00:00'),
(281, 'Merauke', '2015-03-31 00:00:00', '2015-03-31 00:00:00'),
(282, 'Mesuji', '2015-03-31 00:00:00', '2015-03-31 00:00:00'),
(283, 'Metro', '2015-03-31 00:00:00', '2015-03-31 00:00:00'),
(284, 'Mimika', '2015-03-31 00:00:00', '2015-03-31 00:00:00'),
(285, 'Minahasa', '2015-03-31 00:00:00', '2015-03-31 00:00:00'),
(286, 'Minahasa Selatan', '2015-03-31 00:00:00', '2015-03-31 00:00:00'),
(287, 'Minahasa Tenggara', '2015-03-31 00:00:00', '2015-03-31 00:00:00'),
(288, 'Minahasa Utara', '2015-03-31 00:00:00', '2015-03-31 00:00:00'),
(289, 'Mojokerto', '2015-03-31 00:00:00', '2015-03-31 00:00:00'),
(290, 'Mojokerto', '2015-03-31 00:00:00', '2015-03-31 00:00:00'),
(291, 'Morowali', '2015-03-31 00:00:00', '2015-03-31 00:00:00'),
(292, 'Muara Enim', '2015-03-31 00:00:00', '2015-03-31 00:00:00'),
(293, 'Muaro Jambi', '2015-03-31 00:00:00', '2015-03-31 00:00:00'),
(294, 'Muko Muko', '2015-03-31 00:00:00', '2015-03-31 00:00:00'),
(295, 'Muna', '2015-03-31 00:00:00', '2015-03-31 00:00:00'),
(296, 'Murung Raya', '2015-03-31 00:00:00', '2015-03-31 00:00:00'),
(297, 'Musi Banyuasin', '2015-03-31 00:00:00', '2015-03-31 00:00:00'),
(298, 'Musi Rawas', '2015-03-31 00:00:00', '2015-03-31 00:00:00'),
(299, 'Nabire', '2015-03-31 00:00:00', '2015-03-31 00:00:00'),
(300, 'Nagan Raya', '2015-03-31 00:00:00', '2015-03-31 00:00:00'),
(301, 'Nagekeo', '2015-03-31 00:00:00', '2015-03-31 00:00:00'),
(302, 'Natuna', '2015-03-31 00:00:00', '2015-03-31 00:00:00'),
(303, 'Nduga', '2015-03-31 00:00:00', '2015-03-31 00:00:00'),
(304, 'Ngada', '2015-03-31 00:00:00', '2015-03-31 00:00:00'),
(305, 'Nganjuk', '2015-03-31 00:00:00', '2015-03-31 00:00:00'),
(306, 'Ngawi', '2015-03-31 00:00:00', '2015-03-31 00:00:00'),
(307, 'Nias', '2015-03-31 00:00:00', '2015-03-31 00:00:00'),
(308, 'Nias Barat', '2015-03-31 00:00:00', '2015-03-31 00:00:00'),
(309, 'Nias Selatan', '2015-03-31 00:00:00', '2015-03-31 00:00:00'),
(310, 'Nias Utara', '2015-03-31 00:00:00', '2015-03-31 00:00:00'),
(311, 'Nunukan', '2015-03-31 00:00:00', '2015-03-31 00:00:00'),
(312, 'Ogan Ilir', '2015-03-31 00:00:00', '2015-03-31 00:00:00'),
(313, 'Ogan Komering Ilir', '2015-03-31 00:00:00', '2015-03-31 00:00:00'),
(314, 'Ogan Komering Ulu', '2015-03-31 00:00:00', '2015-03-31 00:00:00'),
(315, 'Ogan Komering Ulu Selatan', '2015-03-31 00:00:00', '2015-03-31 00:00:00'),
(316, 'Ogan Komering Ulu Timur', '2015-03-31 00:00:00', '2015-03-31 00:00:00'),
(317, 'Pacitan', '2015-03-31 00:00:00', '2015-03-31 00:00:00'),
(318, 'Padang', '2015-03-31 00:00:00', '2015-03-31 00:00:00'),
(319, 'Padang Lawas', '2015-03-31 00:00:00', '2015-03-31 00:00:00'),
(320, 'Padang Lawas Utara', '2015-03-31 00:00:00', '2015-03-31 00:00:00'),
(321, 'Padang Panjang', '2015-03-31 00:00:00', '2015-03-31 00:00:00'),
(322, 'Padang Pariaman', '2015-03-31 00:00:00', '2015-03-31 00:00:00'),
(323, 'Padang Sidempuan', '2015-03-31 00:00:00', '2015-03-31 00:00:00'),
(324, 'Pagar Alam', '2015-03-31 00:00:00', '2015-03-31 00:00:00'),
(325, 'Pakpak Bharat', '2015-03-31 00:00:00', '2015-03-31 00:00:00'),
(326, 'Palangka Raya', '2015-03-31 00:00:00', '2015-03-31 00:00:00'),
(327, 'Palembang', '2015-03-31 00:00:00', '2015-03-31 00:00:00'),
(328, 'Palopo', '2015-03-31 00:00:00', '2015-03-31 00:00:00'),
(329, 'Palu', '2015-03-31 00:00:00', '2015-03-31 00:00:00'),
(330, 'Pamekasan', '2015-03-31 00:00:00', '2015-03-31 00:00:00'),
(331, 'Pandeglang', '2015-03-31 00:00:00', '2015-03-31 00:00:00'),
(332, 'Pangandaran', '2015-03-31 00:00:00', '2015-03-31 00:00:00'),
(333, 'Pangkajene Kepulauan', '2015-03-31 00:00:00', '2015-03-31 00:00:00'),
(334, 'Pangkal Pinang', '2015-03-31 00:00:00', '2015-03-31 00:00:00'),
(335, 'Paniai', '2015-03-31 00:00:00', '2015-03-31 00:00:00'),
(336, 'Parepare', '2015-03-31 00:00:00', '2015-03-31 00:00:00'),
(337, 'Pariaman', '2015-03-31 00:00:00', '2015-03-31 00:00:00'),
(338, 'Parigi Moutong', '2015-03-31 00:00:00', '2015-03-31 00:00:00'),
(339, 'Pasaman', '2015-03-31 00:00:00', '2015-03-31 00:00:00'),
(340, 'Pasaman Barat', '2015-03-31 00:00:00', '2015-03-31 00:00:00'),
(341, 'Paser', '2015-03-31 00:00:00', '2015-03-31 00:00:00'),
(342, 'Pasuruan', '2015-03-31 00:00:00', '2015-03-31 00:00:00'),
(343, 'Pasuruan', '2015-03-31 00:00:00', '2015-03-31 00:00:00'),
(344, 'Pati', '2015-03-31 00:00:00', '2015-03-31 00:00:00'),
(345, 'Payakumbuh', '2015-03-31 00:00:00', '2015-03-31 00:00:00'),
(346, 'Pegunungan Arfak', '2015-03-31 00:00:00', '2015-03-31 00:00:00'),
(347, 'Pegunungan Bintang', '2015-03-31 00:00:00', '2015-03-31 00:00:00'),
(348, 'Pekalongan', '2015-03-31 00:00:00', '2015-03-31 00:00:00'),
(349, 'Pekalongan', '2015-03-31 00:00:00', '2015-03-31 00:00:00'),
(350, 'Pekanbaru', '2015-03-31 00:00:00', '2015-03-31 00:00:00'),
(351, 'Pelalawan', '2015-03-31 00:00:00', '2015-03-31 00:00:00'),
(352, 'Pemalang', '2015-03-31 00:00:00', '2015-03-31 00:00:00'),
(353, 'Pematang Siantar', '2015-03-31 00:00:00', '2015-03-31 00:00:00'),
(354, 'Penajam Paser Utara', '2015-03-31 00:00:00', '2015-03-31 00:00:00'),
(355, 'Pesawaran', '2015-03-31 00:00:00', '2015-03-31 00:00:00'),
(356, 'Pesisir Barat', '2015-03-31 00:00:00', '2015-03-31 00:00:00'),
(357, 'Pesisir Selatan', '2015-03-31 00:00:00', '2015-03-31 00:00:00'),
(358, 'Pidie', '2015-03-31 00:00:00', '2015-03-31 00:00:00'),
(359, 'Pidie Jaya', '2015-03-31 00:00:00', '2015-03-31 00:00:00'),
(360, 'Pinrang', '2015-03-31 00:00:00', '2015-03-31 00:00:00'),
(361, 'Pohuwato', '2015-03-31 00:00:00', '2015-03-31 00:00:00'),
(362, 'Polewali Mandar', '2015-03-31 00:00:00', '2015-03-31 00:00:00'),
(363, 'Ponorogo', '2015-03-31 00:00:00', '2015-03-31 00:00:00'),
(364, 'Pontianak', '2015-03-31 00:00:00', '2015-03-31 00:00:00'),
(365, 'Pontianak', '2015-03-31 00:00:00', '2015-03-31 00:00:00'),
(366, 'Poso', '2015-03-31 00:00:00', '2015-03-31 00:00:00'),
(367, 'Prabumulih', '2015-03-31 00:00:00', '2015-03-31 00:00:00'),
(368, 'Pringsewu', '2015-03-31 00:00:00', '2015-03-31 00:00:00'),
(369, 'Probolinggo', '2015-03-31 00:00:00', '2015-03-31 00:00:00'),
(370, 'Probolinggo', '2015-03-31 00:00:00', '2015-03-31 00:00:00'),
(371, 'Pulang Pisau', '2015-03-31 00:00:00', '2015-03-31 00:00:00'),
(372, 'Pulau Morotai', '2015-03-31 00:00:00', '2015-03-31 00:00:00'),
(373, 'Puncak', '2015-03-31 00:00:00', '2015-03-31 00:00:00'),
(374, 'Puncak Jaya', '2015-03-31 00:00:00', '2015-03-31 00:00:00'),
(375, 'Purbalingga', '2015-03-31 00:00:00', '2015-03-31 00:00:00'),
(376, 'Purwakarta', '2015-03-31 00:00:00', '2015-03-31 00:00:00'),
(377, 'Purworejo', '2015-03-31 00:00:00', '2015-03-31 00:00:00'),
(378, 'Raja Ampat', '2015-03-31 00:00:00', '2015-03-31 00:00:00'),
(379, 'Rejang Lebong', '2015-03-31 00:00:00', '2015-03-31 00:00:00'),
(380, 'Rembang', '2015-03-31 00:00:00', '2015-03-31 00:00:00'),
(381, 'Rokan Hilir', '2015-03-31 00:00:00', '2015-03-31 00:00:00'),
(382, 'Rokan Hulu', '2015-03-31 00:00:00', '2015-03-31 00:00:00'),
(383, 'Rote Ndao', '2015-03-31 00:00:00', '2015-03-31 00:00:00'),
(384, 'Sabang', '2015-03-31 00:00:00', '2015-03-31 00:00:00'),
(385, 'Sabu Raijua', '2015-03-31 00:00:00', '2015-03-31 00:00:00'),
(386, 'Salatiga', '2015-03-31 00:00:00', '2015-03-31 00:00:00'),
(387, 'Samarinda', '2015-03-31 00:00:00', '2015-03-31 00:00:00'),
(388, 'Sambas', '2015-03-31 00:00:00', '2015-03-31 00:00:00'),
(389, 'Samosir', '2015-03-31 00:00:00', '2015-03-31 00:00:00'),
(390, 'Sampang', '2015-03-31 00:00:00', '2015-03-31 00:00:00'),
(391, 'Sanggau', '2015-03-31 00:00:00', '2015-03-31 00:00:00'),
(392, 'Sarmi', '2015-03-31 00:00:00', '2015-03-31 00:00:00'),
(393, 'Sarolangun', '2015-03-31 00:00:00', '2015-03-31 00:00:00'),
(394, 'Sawah Lunto', '2015-03-31 00:00:00', '2015-03-31 00:00:00'),
(395, 'Sekadau', '2015-03-31 00:00:00', '2015-03-31 00:00:00'),
(396, 'Selayar (Kepulauan Selayar)', '2015-03-31 00:00:00', '2015-03-31 00:00:00'),
(397, 'Seluma', '2015-03-31 00:00:00', '2015-03-31 00:00:00'),
(398, 'Semarang', '2015-03-31 00:00:00', '2015-03-31 00:00:00'),
(399, 'Semarang', '2015-03-31 00:00:00', '2015-03-31 00:00:00'),
(400, 'Seram Bagian Barat', '2015-03-31 00:00:00', '2015-03-31 00:00:00'),
(401, 'Seram Bagian Timur', '2015-03-31 00:00:00', '2015-03-31 00:00:00'),
(402, 'Serang', '2015-03-31 00:00:00', '2015-03-31 00:00:00'),
(403, 'Serang', '2015-03-31 00:00:00', '2015-03-31 00:00:00'),
(404, 'Serdang Bedagai', '2015-03-31 00:00:00', '2015-03-31 00:00:00'),
(405, 'Seruyan', '2015-03-31 00:00:00', '2015-03-31 00:00:00'),
(406, 'Siak', '2015-03-31 00:00:00', '2015-03-31 00:00:00'),
(407, 'Sibolga', '2015-03-31 00:00:00', '2015-03-31 00:00:00'),
(408, 'Sidenreng Rappang/Rapang', '2015-03-31 00:00:00', '2015-03-31 00:00:00'),
(409, 'Sidoarjo', '2015-03-31 00:00:00', '2015-03-31 00:00:00'),
(410, 'Sigi', '2015-03-31 00:00:00', '2015-03-31 00:00:00'),
(411, 'Sijunjung (Sawah Lunto Sijunjung)', '2015-03-31 00:00:00', '2015-03-31 00:00:00'),
(412, 'Sikka', '2015-03-31 00:00:00', '2015-03-31 00:00:00'),
(413, 'Simalungun', '2015-03-31 00:00:00', '2015-03-31 00:00:00'),
(414, 'Simeulue', '2015-03-31 00:00:00', '2015-03-31 00:00:00'),
(415, 'Singkawang', '2015-03-31 00:00:00', '2015-03-31 00:00:00'),
(416, 'Sinjai', '2015-03-31 00:00:00', '2015-03-31 00:00:00'),
(417, 'Sintang', '2015-03-31 00:00:00', '2015-03-31 00:00:00'),
(418, 'Situbondo', '2015-03-31 00:00:00', '2015-03-31 00:00:00'),
(419, 'Sleman', '2015-03-31 00:00:00', '2015-03-31 00:00:00'),
(420, 'Solok', '2015-03-31 00:00:00', '2015-03-31 00:00:00'),
(421, 'Solok', '2015-03-31 00:00:00', '2015-03-31 00:00:00'),
(422, 'Solok Selatan', '2015-03-31 00:00:00', '2015-03-31 00:00:00'),
(423, 'Soppeng', '2015-03-31 00:00:00', '2015-03-31 00:00:00'),
(424, 'Sorong', '2015-03-31 00:00:00', '2015-03-31 00:00:00'),
(425, 'Sorong', '2015-03-31 00:00:00', '2015-03-31 00:00:00'),
(426, 'Sorong Selatan', '2015-03-31 00:00:00', '2015-03-31 00:00:00'),
(427, 'Sragen', '2015-03-31 00:00:00', '2015-03-31 00:00:00'),
(428, 'Subang', '2015-03-31 00:00:00', '2015-03-31 00:00:00'),
(429, 'Subulussalam', '2015-03-31 00:00:00', '2015-03-31 00:00:00'),
(430, 'Sukabumi', '2015-03-31 00:00:00', '2015-03-31 00:00:00'),
(431, 'Sukabumi', '2015-03-31 00:00:00', '2015-03-31 00:00:00'),
(432, 'Sukamara', '2015-03-31 00:00:00', '2015-03-31 00:00:00'),
(433, 'Sukoharjo', '2015-03-31 00:00:00', '2015-03-31 00:00:00'),
(434, 'Sumba Barat', '2015-03-31 00:00:00', '2015-03-31 00:00:00'),
(435, 'Sumba Barat Daya', '2015-03-31 00:00:00', '2015-03-31 00:00:00'),
(436, 'Sumba Tengah', '2015-03-31 00:00:00', '2015-03-31 00:00:00'),
(437, 'Sumba Timur', '2015-03-31 00:00:00', '2015-03-31 00:00:00'),
(438, 'Sumbawa', '2015-03-31 00:00:00', '2015-03-31 00:00:00'),
(439, 'Sumbawa Barat', '2015-03-31 00:00:00', '2015-03-31 00:00:00'),
(440, 'Sumedang', '2015-03-31 00:00:00', '2015-03-31 00:00:00'),
(441, 'Sumenep', '2015-03-31 00:00:00', '2015-03-31 00:00:00'),
(442, 'Sungaipenuh', '2015-03-31 00:00:00', '2015-03-31 00:00:00'),
(443, 'Supiori', '2015-03-31 00:00:00', '2015-03-31 00:00:00'),
(444, 'Surabaya', '2015-03-31 00:00:00', '2015-03-31 00:00:00'),
(445, 'Surakarta (Solo)', '2015-03-31 00:00:00', '2015-03-31 00:00:00'),
(446, 'Tabalong', '2015-03-31 00:00:00', '2015-03-31 00:00:00'),
(447, 'Tabanan', '2015-03-31 00:00:00', '2015-03-31 00:00:00'),
(448, 'Takalar', '2015-03-31 00:00:00', '2015-03-31 00:00:00'),
(449, 'Tambrauw', '2015-03-31 00:00:00', '2015-03-31 00:00:00'),
(450, 'Tana Tidung', '2015-03-31 00:00:00', '2015-03-31 00:00:00'),
(451, 'Tana Toraja', '2015-03-31 00:00:00', '2015-03-31 00:00:00'),
(452, 'Tanah Bumbu', '2015-03-31 00:00:00', '2015-03-31 00:00:00'),
(453, 'Tanah Datar', '2015-03-31 00:00:00', '2015-03-31 00:00:00'),
(454, 'Tanah Laut', '2015-03-31 00:00:00', '2015-03-31 00:00:00'),
(455, 'Tangerang', '2015-03-31 00:00:00', '2015-03-31 00:00:00'),
(456, 'Tangerang', '2015-03-31 00:00:00', '2015-03-31 00:00:00'),
(457, 'Tangerang Selatan', '2015-03-31 00:00:00', '2015-03-31 00:00:00'),
(458, 'Tanggamus', '2015-03-31 00:00:00', '2015-03-31 00:00:00'),
(459, 'Tanjung Balai', '2015-03-31 00:00:00', '2015-03-31 00:00:00'),
(460, 'Tanjung Jabung Barat', '2015-03-31 00:00:00', '2015-03-31 00:00:00'),
(461, 'Tanjung Jabung Timur', '2015-03-31 00:00:00', '2015-03-31 00:00:00'),
(462, 'Tanjung Pinang', '2015-03-31 00:00:00', '2015-03-31 00:00:00'),
(463, 'Tapanuli Selatan', '2015-03-31 00:00:00', '2015-03-31 00:00:00'),
(464, 'Tapanuli Tengah', '2015-03-31 00:00:00', '2015-03-31 00:00:00'),
(465, 'Tapanuli Utara', '2015-03-31 00:00:00', '2015-03-31 00:00:00'),
(466, 'Tapin', '2015-03-31 00:00:00', '2015-03-31 00:00:00'),
(467, 'Tarakan', '2015-03-31 00:00:00', '2015-03-31 00:00:00'),
(468, 'Tasikmalaya', '2015-03-31 00:00:00', '2015-03-31 00:00:00'),
(469, 'Tasikmalaya', '2015-03-31 00:00:00', '2015-03-31 00:00:00'),
(470, 'Tebing Tinggi', '2015-03-31 00:00:00', '2015-03-31 00:00:00'),
(471, 'Tebo', '2015-03-31 00:00:00', '2015-03-31 00:00:00'),
(472, 'Tegal', '2015-03-31 00:00:00', '2015-03-31 00:00:00'),
(473, 'Tegal', '2015-03-31 00:00:00', '2015-03-31 00:00:00'),
(474, 'Teluk Bintuni', '2015-03-31 00:00:00', '2015-03-31 00:00:00'),
(475, 'Teluk Wondama', '2015-03-31 00:00:00', '2015-03-31 00:00:00'),
(476, 'Temanggung', '2015-03-31 00:00:00', '2015-03-31 00:00:00'),
(477, 'Ternate', '2015-03-31 00:00:00', '2015-03-31 00:00:00'),
(478, 'Tidore Kepulauan', '2015-03-31 00:00:00', '2015-03-31 00:00:00'),
(479, 'Timor Tengah Selatan', '2015-03-31 00:00:00', '2015-03-31 00:00:00'),
(480, 'Timor Tengah Utara', '2015-03-31 00:00:00', '2015-03-31 00:00:00'),
(481, 'Toba Samosir', '2015-03-31 00:00:00', '2015-03-31 00:00:00'),
(482, 'Tojo Una-Una', '2015-03-31 00:00:00', '2015-03-31 00:00:00'),
(483, 'Toli-Toli', '2015-03-31 00:00:00', '2015-03-31 00:00:00'),
(484, 'Tolikara', '2015-03-31 00:00:00', '2015-03-31 00:00:00'),
(485, 'Tomohon', '2015-03-31 00:00:00', '2015-03-31 00:00:00'),
(486, 'Toraja Utara', '2015-03-31 00:00:00', '2015-03-31 00:00:00'),
(487, 'Trenggalek', '2015-03-31 00:00:00', '2015-03-31 00:00:00'),
(488, 'Tual', '2015-03-31 00:00:00', '2015-03-31 00:00:00'),
(489, 'Tuban', '2015-03-31 00:00:00', '2015-03-31 00:00:00'),
(490, 'Tulang Bawang', '2015-03-31 00:00:00', '2015-03-31 00:00:00'),
(491, 'Tulang Bawang Barat', '2015-03-31 00:00:00', '2015-03-31 00:00:00'),
(492, 'Tulungagung', '2015-03-31 00:00:00', '2015-03-31 00:00:00'),
(493, 'Wajo', '2015-03-31 00:00:00', '2015-03-31 00:00:00'),
(494, 'Wakatobi', '2015-03-31 00:00:00', '2015-03-31 00:00:00'),
(495, 'Waropen', '2015-03-31 00:00:00', '2015-03-31 00:00:00'),
(496, 'Way Kanan', '2015-03-31 00:00:00', '2015-03-31 00:00:00'),
(497, 'Wonogiri', '2015-03-31 00:00:00', '2015-03-31 00:00:00'),
(498, 'Wonosobo', '2015-03-31 00:00:00', '2015-03-31 00:00:00'),
(499, 'Yahukimo', '2015-03-31 00:00:00', '2015-03-31 00:00:00'),
(500, 'Yalimo', '2015-03-31 00:00:00', '2015-03-31 00:00:00'),
(501, 'Yogyakarta', '2015-03-31 00:00:00', '2015-03-31 00:00:00');

-- --------------------------------------------------------

--
-- Table structure for table `bank`
--

CREATE TABLE IF NOT EXISTS `bank` (
  `id` int(11) NOT NULL,
  `nama` varchar(255) NOT NULL,
  `singkatan` varchar(10) NOT NULL
) ENGINE=MyISAM AUTO_INCREMENT=6 DEFAULT CHARSET=latin1;

--
-- Dumping data for table `bank`
--

INSERT INTO `bank` (`id`, `nama`, `singkatan`) VALUES
(1, 'Bank Central Asia', 'BCA'),
(2, 'Bank Mandiri', 'Mandiri'),
(3, 'Bank Rakyat Indonesia', 'BRI'),
(4, 'Bank Negara Indonesia', 'BNI'),
(5, 'Bank Tabungan Negara', 'BTN');

-- --------------------------------------------------------

--
-- Table structure for table `banner`
--

CREATE TABLE IF NOT EXISTS `banner` (
  `id` int(11) NOT NULL,
  `image_url` varchar(255) NOT NULL,
  `target_url` varchar(255) NOT NULL,
  `created_at` timestamp NOT NULL DEFAULT CURRENT_TIMESTAMP ON UPDATE CURRENT_TIMESTAMP,
  `updated_at` timestamp NOT NULL DEFAULT '0000-00-00 00:00:00'
) ENGINE=InnoDB AUTO_INCREMENT=8 DEFAULT CHARSET=latin1;

--
-- Dumping data for table `banner`
--

INSERT INTO `banner` (`id`, `image_url`, `target_url`, `created_at`, `updated_at`) VALUES
(4, 'public/images/banner/4.jpg', '#', '2016-09-27 21:31:11', '2016-09-28 11:31:11'),
(7, 'public/images/banner/7.jpg', '#', '2016-06-22 06:25:15', '2016-06-22 20:25:15');

-- --------------------------------------------------------

--
-- Table structure for table `brand`
--

CREATE TABLE IF NOT EXISTS `brand` (
  `id` int(11) NOT NULL,
  `image_url` varchar(255) NOT NULL,
  `name` varchar(255) NOT NULL,
  `target_url` varchar(255) NOT NULL,
  `created_at` timestamp NOT NULL DEFAULT CURRENT_TIMESTAMP ON UPDATE CURRENT_TIMESTAMP,
  `updated_at` timestamp NOT NULL DEFAULT '0000-00-00 00:00:00'
) ENGINE=InnoDB AUTO_INCREMENT=169 DEFAULT CHARSET=latin1;

--
-- Dumping data for table `brand`
--

INSERT INTO `brand` (`id`, `image_url`, `name`, `target_url`, `created_at`, `updated_at`) VALUES
(1, 'public/images/brands/1.jpg', 'Flappergoods', '#', '2016-06-27 04:06:06', '2016-06-27 18:06:06'),
(2, 'public/images/brands/2.jpg', 'Avocado', '#', '2016-06-17 02:08:42', '2016-06-17 16:08:42'),
(3, 'public/images/brands/3.jpg', 'KIMI', '#', '2016-06-17 02:08:52', '2016-06-17 16:08:52'),
(4, 'public/images/brands/4.jpg', 'Miomiku', '#', '2016-06-27 07:09:12', '2016-06-27 21:09:12'),
(5, 'public/images/brands/5.jpg', 'thequertyprojects', '#', '2016-06-16 10:07:27', '2016-06-17 00:07:27'),
(6, 'public/images/brands/6.jpg', 'Konoa', '#', '2016-06-27 07:05:52', '2016-06-27 21:05:52'),
(7, 'public/images/brands/7.jpg', 'R.D.R Outfit', '#', '2016-06-27 07:06:20', '2016-06-27 21:06:20'),
(8, 'public/images/brands/8.jpg', 'JR by Design', '#', '2016-06-27 07:06:53', '2016-06-27 21:06:53'),
(9, 'public/images/brands/9.jpg', 'Aglae house', '#', '2016-06-16 10:09:07', '2016-06-17 00:09:07'),
(10, 'public/images/brands/10.jpg', 'Sajidah', '#', '2016-06-27 07:07:23', '2016-06-27 21:07:23'),
(11, 'public/images/brands/11.jpg', 'Unfairytaleme', '#', '2016-06-17 02:08:38', '2016-06-17 16:08:38'),
(12, 'public/images/brands/12.jpg', 'Angga Art', '#', '2016-06-27 07:10:12', '2016-06-27 21:10:12'),
(13, 'public/images/brands/13.jpg', 'General Culture', '#', '2016-06-17 01:49:32', '2016-06-17 15:49:32'),
(14, 'public/images/brands/14.jpg', 'daaveyjones', '#', '2016-06-17 01:50:20', '2016-06-17 15:50:20'),
(15, 'public/images/brands/15.jpg', 'Mlks', '#', '2016-06-17 01:51:15', '2016-06-17 15:51:15'),
(16, 'public/images/brands/16.jpg', 'coppo', '#', '2016-06-17 01:51:34', '2016-06-17 15:51:34'),
(17, 'public/images/brands/17.jpg', 'Zavera', '#', '2016-06-17 01:51:58', '2016-06-17 15:51:58'),
(18, 'public/images/brands/18.jpg', 'Gossamer', '#', '2016-06-17 01:52:21', '2016-06-17 15:52:21'),
(19, 'public/images/brands/19.jpg', 'Bearpath', '#', '2016-06-17 01:52:40', '2016-06-17 15:52:40'),
(20, 'public/images/brands/20.jpg', 'Kamandani', '#', '2016-06-17 01:53:10', '2016-06-17 15:53:10'),
(21, 'public/images/brands/21.jpg', 'Istafada', '#', '2016-06-17 01:53:27', '2016-06-17 15:53:27'),
(22, 'public/images/brands/22.jpg', 'reclays', '#', '2016-06-17 01:53:56', '2016-06-17 15:53:56'),
(23, 'public/images/brands/23.jpg', 'Barliasmara for Nitieqbatik', '#', '2016-06-17 01:55:11', '2016-06-17 15:55:11'),
(24, 'public/images/brands/24.jpg', 'Wallts', '#', '2016-06-17 01:55:27', '2016-06-17 15:55:27'),
(25, 'public/images/brands/25.jpg', 'MOSMAZE', '#', '2016-06-17 01:55:47', '2016-06-17 15:55:47'),
(26, 'public/images/brands/26.jpg', 'Gemkids', '#', '2016-06-17 01:56:07', '2016-06-17 15:56:07'),
(27, 'public/images/brands/27.jpg', 'Keanishalleen', '#', '2016-06-17 02:09:11', '2016-06-17 16:09:11'),
(28, 'public/images/brands/28.jpg', 'ecilpse #7', '#', '2016-06-17 01:57:44', '2016-06-17 15:57:44'),
(29, 'public/images/brands/29.jpg', 'Bowsha', '#', '2016-06-17 01:58:38', '2016-06-17 15:58:38'),
(30, 'public/images/brands/30.jpg', 'Public Culture', '#', '2016-06-17 01:58:56', '2016-06-17 15:58:56'),
(31, 'public/images/brands/31.jpg', 'cotton cloud', '#', '2016-06-17 01:59:13', '2016-06-17 15:59:13'),
(32, 'public/images/brands/32.jpg', 'Autre', '#', '2016-06-17 01:59:28', '2016-06-17 15:59:28'),
(33, 'public/images/brands/33.jpg', 'Port Royale', '#', '2016-06-17 01:59:50', '2016-06-17 15:59:50'),
(34, 'public/images/brands/34.jpg', 'Jumma', '#', '2016-06-17 02:00:07', '2016-06-17 16:00:07'),
(35, 'public/images/brands/35.jpg', 'iiiknd', '#', '2016-06-17 02:01:46', '2016-06-17 16:01:46'),
(36, 'public/images/brands/36.jpg', 'pop culne', '#', '2016-06-17 02:02:12', '2016-06-17 16:02:12'),
(37, 'public/images/brands/37.jpg', 'riz strap', '#', '2016-06-17 02:02:33', '2016-06-17 16:02:33'),
(38, 'public/images/brands/38.jpg', 'Boo-Ya', '#', '2016-06-17 02:02:54', '2016-06-17 16:02:54'),
(39, 'public/images/brands/39.jpg', 'MOW', '#', '2016-06-17 02:03:13', '2016-06-17 16:03:13'),
(40, 'public/images/brands/40.jpg', 'AMBLE', '#', '2016-06-17 02:03:28', '2016-06-17 16:03:28'),
(41, 'public/images/brands/41.jpg', 'roopacks', '#', '2016-06-17 02:03:50', '2016-06-17 16:03:50'),
(42, 'public/images/brands/42.jpg', 'Broodis', '#', '2016-06-17 02:04:07', '2016-06-17 16:04:07'),
(43, 'public/images/brands/43.jpg', 'PMP DENIM', '#', '2016-06-17 02:04:34', '2016-06-17 16:04:34'),
(44, 'public/images/brands/44.jpg', '13th shoes', '#', '2016-06-17 02:05:38', '2016-06-17 16:05:38'),
(45, 'public/images/brands/45.jpg', 'Neatly', '#', '2016-06-17 02:05:59', '2016-06-17 16:05:59'),
(46, 'public/images/brands/46.jpg', 'FYLO', '#', '2016-06-17 02:06:17', '2016-06-17 16:06:17'),
(47, 'public/images/brands/47.jpg', 'Vearst', '#', '2016-06-17 02:06:47', '2016-06-17 16:06:47'),
(48, 'public/images/brands/48.jpg', 'Koola Stuffa', '#', '2016-06-17 02:07:29', '2016-06-17 16:07:29'),
(49, 'public/images/brands/49.jpg', 'Dapp', '#', '2016-06-17 02:07:48', '2016-06-17 16:07:48'),
(50, 'public/images/brands/50.jpg', 'Meet The Kids', '#', '2016-06-17 02:08:09', '2016-06-17 16:08:09'),
(51, 'public/images/brands/51.jpg', 'Main Street', '#', '2016-06-17 02:08:28', '2016-06-17 16:08:28'),
(52, 'public/images/brands/52.jpg', 'Nazmi', '#', '2016-06-17 02:09:40', '2016-06-17 16:09:40'),
(53, 'public/images/brands/53.jpg', 'Breezy', '#', '2016-06-17 02:10:00', '2016-06-17 16:10:00'),
(54, 'public/images/brands/54.jpg', 'Happy Little Pop', '#', '2016-06-17 02:10:26', '2016-06-17 16:10:26'),
(55, 'public/images/brands/55.jpg', 'Flaming Go', '#', '2016-06-17 02:11:08', '2016-06-17 16:11:08'),
(56, 'public/images/brands/56.jpg', 'DusCha', '#', '2016-06-17 02:11:30', '2016-06-17 16:11:30'),
(57, 'public/images/brands/57.jpg', 'La Lune', '#', '2016-06-17 02:12:57', '2016-06-17 16:12:57'),
(58, 'public/images/brands/58.jpg', 'Bagwork Co', '#', '2016-06-17 02:13:39', '2016-06-17 16:13:39'),
(59, 'public/images/brands/59.jpg', 'lafgoods', '#', '2016-06-17 02:14:00', '2016-06-17 16:14:00'),
(60, 'public/images/brands/60.jpg', 'Arez', '#', '2016-06-17 02:14:16', '2016-06-17 16:14:16'),
(61, 'public/images/brands/61.jpg', 'Nymph', '#', '2016-06-17 02:14:35', '2016-06-17 16:14:35'),
(62, 'public/images/brands/62.jpg', 'Svperbia', '#', '2016-06-17 02:15:01', '2016-06-17 16:15:01'),
(63, 'public/images/brands/63.jpg', 'Iamshoes', '#', '2016-06-17 02:15:19', '2016-06-17 16:15:19'),
(64, 'public/images/brands/64.jpg', 'Humblezing', '#', '2016-06-17 02:15:38', '2016-06-17 16:15:38'),
(65, 'public/images/brands/65.jpg', 'Amita House', '#', '2016-06-17 02:15:55', '2016-06-17 16:15:55'),
(66, 'public/images/brands/66.jpg', 'Nrsimha', '#', '2016-06-17 02:16:16', '2016-06-17 16:16:16'),
(67, 'public/images/brands/67.jpg', 'Bertiga', '#', '2016-06-17 02:16:35', '2016-06-17 16:16:35'),
(68, 'public/images/brands/68.jpg', 'Tooi Doll', '#', '2016-06-17 02:17:01', '2016-06-17 16:17:01'),
(70, 'public/images/brands/70.jpg', 'Patentgood', '#', '2016-06-27 07:11:17', '2016-06-27 21:11:17'),
(71, 'public/images/brands/71.jpg', 'Upsidedown', '#', '2016-06-27 07:11:42', '2016-06-27 21:11:42'),
(72, 'public/images/brands/72.jpg', 'DST', '#', '2016-06-27 07:12:03', '2016-06-27 21:12:03'),
(73, 'public/images/brands/73.jpg', 'Rurik', '#', '2016-06-27 07:12:19', '2016-06-27 21:12:19'),
(74, 'public/images/brands/74.jpg', 'Clevina shoes', '#', '2016-06-27 07:12:36', '2016-06-27 21:12:36'),
(75, 'public/images/brands/75.jpg', 'Kidnappedally', '#', '2016-06-27 07:12:52', '2016-06-27 21:12:52'),
(76, 'public/images/brands/76.jpg', 'Tofftop8', '#', '2016-06-27 07:13:27', '2016-06-27 21:13:27'),
(77, 'public/images/brands/77.jpg', 'avara', '#', '2016-06-27 07:13:56', '2016-06-27 21:13:56'),
(78, 'public/images/brands/78.jpg', 'Proudly', '#', '2016-06-27 07:14:13', '2016-06-27 21:14:13'),
(79, 'public/images/brands/79.jpg', 'Mayoutfit', '#', '2016-06-27 07:14:28', '2016-06-27 21:14:28'),
(80, 'public/images/brands/80.jpg', 'IM&Co', '#', '2016-06-27 07:14:47', '2016-06-27 21:14:47'),
(81, 'public/images/brands/81.jpg', 'Irfan Hakim Store', '#', '2016-06-27 07:15:04', '2016-06-27 21:15:04'),
(82, 'public/images/brands/82.jpg', 'Volkfy', '#', '2016-06-27 07:15:20', '2016-06-27 21:15:20'),
(83, 'public/images/brands/83.jpg', 'ZAHA', '#', '2016-06-27 07:15:36', '2016-06-27 21:15:36'),
(84, 'public/images/brands/84.jpg', 'Acidwerk', '#', '2016-06-27 07:15:53', '2016-06-27 21:15:53'),
(85, 'public/images/brands/85.jpg', 'Mina', '#', '2016-06-27 07:16:08', '2016-06-27 21:16:08'),
(86, 'public/images/brands/86.jpg', 'Reunceum', '#', '2016-06-27 07:16:23', '2016-06-27 21:16:23'),
(87, 'public/images/brands/87.jpg', 'Rashawl', '#', '2016-06-27 07:16:40', '2016-06-27 21:16:40'),
(88, 'public/images/brands/88.jpg', 'Wrecking Ball Band', '#', '2016-06-27 07:17:03', '2016-06-27 21:17:03'),
(89, 'public/images/brands/89.jpg', 'Lokatara', '#', '2016-06-27 07:17:20', '2016-06-27 21:17:20'),
(90, 'public/images/brands/90.jpg', 'ShaBib', '#', '2016-06-27 07:18:03', '2016-06-27 21:18:03'),
(91, 'public/images/brands/91.jpg', 'Maharany', '#', '2016-06-27 07:18:24', '2016-06-27 21:18:24'),
(92, 'public/images/brands/92.jpg', 'Esemel', '#', '2016-06-27 07:18:43', '2016-06-27 21:18:43'),
(93, 'public/images/brands/93.jpg', 'Indress', '#', '2016-06-27 07:19:00', '2016-06-27 21:19:00'),
(94, 'public/images/brands/94.jpg', 'DNC', '#', '2016-06-27 07:19:15', '2016-06-27 21:19:15'),
(95, 'public/images/brands/95.jpg', 'Evolvere', '#', '2016-06-27 07:19:32', '2016-06-27 21:19:32'),
(96, 'public/images/brands/96.jpg', 'Bellissima', '#', '2016-06-27 07:19:51', '2016-06-27 21:19:51'),
(97, 'public/images/brands/97.jpg', 'Brooch Asri', '#', '2016-06-27 07:20:12', '2016-06-27 21:20:12'),
(98, 'public/images/brands/98.jpg', 'Rumah Batik Daniah', '#', '2016-06-27 07:20:52', '2016-06-27 21:20:52'),
(99, 'public/images/brands/99.jpg', 'Gendu', '#', '2016-06-27 07:21:09', '2016-06-27 21:21:09'),
(100, 'public/images/brands/100.jpg', 'celloQueen', '#', '2016-06-27 07:21:31', '2016-06-27 21:21:31'),
(101, 'public/images/brands/101.jpg', 'Glintz', '#', '2016-06-27 07:21:48', '2016-06-27 21:21:48'),
(102, 'public/images/brands/102.jpg', 'Just Mine', '#', '2016-06-27 07:22:07', '2016-06-27 21:22:07'),
(103, 'public/images/brands/103.jpg', 'Va Lola', '#', '2016-06-27 07:22:29', '2016-06-27 21:22:29'),
(104, 'public/images/brands/104.jpg', 'Lesly', '#', '2016-06-27 07:22:48', '2016-06-27 21:22:48'),
(105, 'public/images/brands/105.jpg', 'dinarnia', '#', '2016-06-27 07:23:05', '2016-06-27 21:23:05'),
(106, 'public/images/brands/106.jpg', 'Legan', '#', '2016-06-27 07:23:22', '2016-06-27 21:23:22'),
(107, 'public/images/brands/107.jpg', 'Abame', '#', '2016-06-27 07:23:42', '2016-06-27 21:23:42'),
(108, 'public/images/brands/108.jpg', 'Malya', '#', '2016-06-27 07:23:58', '2016-06-27 21:23:58'),
(109, 'public/images/brands/109.jpg', 'Farfaz', '#', '2016-06-27 07:24:19', '2016-06-27 21:24:19'),
(110, 'public/images/brands/110.jpg', 'Monolov', '#', '2016-06-27 07:24:40', '2016-06-27 21:24:40'),
(111, 'public/images/brands/111.jpg', 'Eldee', '#', '2016-06-27 07:24:56', '2016-06-27 21:24:56'),
(112, 'public/images/brands/112.jpg', 'GDA''S', '#', '2016-06-27 07:25:15', '2016-06-27 21:25:15'),
(113, 'public/images/brands/113.jpg', 'Indayani', '#', '2016-06-27 07:25:33', '2016-06-27 21:25:33'),
(114, 'public/images/brands/114.jpg', 'haura', '#', '2016-06-27 07:25:51', '2016-06-27 21:25:51'),
(115, 'public/images/brands/115.jpg', 'yarashyma', '#', '2016-06-27 07:26:11', '2016-06-27 21:26:11'),
(116, 'public/images/brands/116.jpg', 'Gallery Mutiez', '#', '2016-06-27 07:26:42', '2016-06-27 21:26:42'),
(117, 'public/images/brands/117.jpg', 'Ghe.Hijab', '#', '2016-06-27 07:27:04', '2016-06-27 21:27:04'),
(118, 'public/images/brands/118.jpg', 'Triset', '#', '2016-06-27 07:35:06', '2016-06-27 21:35:06'),
(119, 'public/images/brands/119.jpg', 'a', 'a', '2016-07-06 07:03:46', '2016-07-06 21:03:46'),
(120, 'public/images/brands/120.jpg', 'a', 'a', '2016-07-06 07:04:02', '2016-07-06 21:04:02'),
(121, 'public/images/brands/121.jpg', 'a', 'a', '2016-07-06 07:04:17', '2016-07-06 21:04:17'),
(122, 'public/images/brands/122.jpg', 'a', 'a', '2016-07-06 07:07:06', '2016-07-06 21:07:06'),
(123, 'public/images/brands/123.jpg', 'a', '#', '2016-07-06 08:33:11', '2016-07-06 22:33:11'),
(124, 'public/images/brands/124.jpg', 'a', '#', '2016-07-06 08:33:27', '2016-07-06 22:33:27'),
(125, 'public/images/brands/125.jpg', 'a', '#', '2016-07-06 08:33:40', '2016-07-06 22:33:40'),
(126, 'public/images/brands/126.jpg', 'a', '#', '2016-07-06 08:33:55', '2016-07-06 22:33:55'),
(127, 'public/images/brands/127.jpg', 'a', '#', '2016-07-06 08:34:12', '2016-07-06 22:34:12'),
(128, 'public/images/brands/128.jpg', 'a', '#', '2016-07-06 08:34:25', '2016-07-06 22:34:25'),
(129, 'public/images/brands/129.jpg', 'a', '#', '2016-07-06 08:34:37', '2016-07-06 22:34:37'),
(130, 'public/images/brands/130.jpg', 'a', '#', '2016-07-06 08:34:51', '2016-07-06 22:34:51'),
(131, 'public/images/brands/131.jpg', 'a', '#', '2016-07-06 08:35:08', '2016-07-06 22:35:08'),
(132, 'public/images/brands/132.jpg', 'a', '#', '2016-07-06 08:35:22', '2016-07-06 22:35:22'),
(133, 'public/images/brands/133.jpg', 'a', '#', '2016-07-06 08:35:35', '2016-07-06 22:35:35'),
(134, 'public/images/brands/134.jpg', 'Radhita fashion', '#', '2016-07-06 08:36:01', '2016-07-06 22:36:01'),
(135, 'public/images/brands/135.jpg', 'a', '#', '2016-07-06 08:36:25', '2016-07-06 22:36:25'),
(136, 'public/images/brands/136.jpg', 'a', '#', '2016-07-06 08:37:32', '2016-07-06 22:37:32'),
(137, 'public/images/brands/137.jpg', 'a', '#', '2016-07-06 08:37:51', '2016-07-06 22:37:51'),
(138, 'public/images/brands/138.jpg', 'a', '#', '2016-07-06 08:38:06', '2016-07-06 22:38:06'),
(139, 'public/images/brands/139.jpg', 'a', '#', '2016-07-06 08:38:22', '2016-07-06 22:38:22'),
(140, 'public/images/brands/140.jpg', 'a', '#', '2016-07-06 08:38:35', '2016-07-06 22:38:35'),
(141, 'public/images/brands/141.jpg', 'a', '#', '2016-07-06 08:38:50', '2016-07-06 22:38:50'),
(142, 'public/images/brands/142.jpg', 'a', '#', '2016-07-06 08:39:08', '2016-07-06 22:39:08'),
(143, 'public/images/brands/143.jpg', 'a', '#', '2016-07-06 08:39:23', '2016-07-06 22:39:23'),
(144, 'public/images/brands/144.jpg', 'a', '#', '2016-07-06 08:39:37', '2016-07-06 22:39:37'),
(145, 'public/images/brands/145.jpg', 'a', '#', '2016-07-06 08:39:56', '2016-07-06 22:39:56'),
(146, 'public/images/brands/146.jpg', 'a', '#', '2016-07-06 08:40:09', '2016-07-06 22:40:09'),
(148, 'public/images/brands/148.jpg', 'a', '#', '2016-07-06 08:40:45', '2016-07-06 22:40:45'),
(149, 'public/images/brands/149.jpg', 'a', '#', '2016-07-06 08:41:01', '2016-07-06 22:41:01'),
(150, 'public/images/brands/150.jpg', 'a', '#', '2016-07-06 08:41:16', '2016-07-06 22:41:16'),
(151, 'public/images/brands/151.jpg', 'a', '#', '2016-07-06 08:41:32', '2016-07-06 22:41:32'),
(152, 'public/images/brands/152.jpg', 'a', '#', '2016-07-06 08:41:46', '2016-07-06 22:41:46'),
(153, 'public/images/brands/153.jpg', 'a', '#', '2016-07-06 08:44:58', '2016-07-06 22:44:58'),
(154, 'public/images/brands/154.jpg', 'a', '#', '2016-07-06 08:45:13', '2016-07-06 22:45:13'),
(155, 'public/images/brands/155.jpg', 'a', '#', '2016-07-06 08:45:25', '2016-07-06 22:45:25'),
(156, 'public/images/brands/156.jpg', 'a', '#', '2016-07-06 08:45:47', '2016-07-06 22:45:47'),
(157, 'public/images/brands/157.jpg', 'a', '#', '2016-07-06 08:46:06', '2016-07-06 22:46:06'),
(158, 'public/images/brands/158.jpg', 'a', '#', '2016-07-06 08:48:09', '2016-07-06 22:48:09'),
(159, 'public/images/brands/159.jpg', 'a', '#', '2016-07-06 08:48:25', '2016-07-06 22:48:25'),
(160, 'public/images/brands/160.jpg', 'a', '#', '2016-07-06 08:48:39', '2016-07-06 22:48:39'),
(161, 'public/images/brands/161.jpg', 'a', '#', '2016-07-06 08:48:56', '2016-07-06 22:48:56'),
(162, 'public/images/brands/162.jpg', 'a', '#', '2016-07-06 08:49:11', '2016-07-06 22:49:11'),
(163, 'public/images/brands/163.jpg', 'a', '#', '2016-07-06 08:49:24', '2016-07-06 22:49:24'),
(164, 'public/images/brands/164.jpg', 'a', '#', '2016-07-06 08:49:38', '2016-07-06 22:49:38'),
(165, 'public/images/brands/165.jpg', 'a', '#', '2016-07-06 08:49:53', '2016-07-06 22:49:53'),
(166, 'public/images/brands/166.jpg', 'a', '#', '2016-07-06 08:50:07', '2016-07-06 22:50:07'),
(167, 'public/images/brands/167.jpg', 'a', '#', '2016-07-06 08:50:20', '2016-07-06 22:50:20'),
(168, 'public/images/brands/168.jpg', 'a', '#', '2016-07-06 08:50:33', '2016-07-06 22:50:33');

-- --------------------------------------------------------

--
-- Table structure for table `category`
--

CREATE TABLE IF NOT EXISTS `category` (
  `id` int(11) NOT NULL,
  `name` varchar(255) NOT NULL,
  `parent` int(11) NOT NULL,
  `commision` int(11) NOT NULL DEFAULT '5',
  `created_at` datetime NOT NULL,
  `updated_at` datetime NOT NULL
) ENGINE=MyISAM AUTO_INCREMENT=43 DEFAULT CHARSET=latin1;

--
-- Dumping data for table `category`
--

INSERT INTO `category` (`id`, `name`, `parent`, `commision`, `created_at`, `updated_at`) VALUES
(1, 'Wanita', 0, 20, '2016-06-12 01:42:58', '2016-12-08 22:39:57'),
(2, 'Pria', 0, 20, '2016-06-12 01:42:58', '2016-10-10 11:20:07'),
(4, 'Sepatu', 1, 20, '2016-06-12 16:10:37', '2016-11-27 12:40:54'),
(5, 'Tas', 1, 20, '2016-06-12 16:10:41', '2016-06-12 16:10:41'),
(6, 'Jam Tangan', 1, 10, '2016-06-12 16:10:47', '2016-12-12 19:34:51'),
(7, 'Aksesoris', 1, 20, '2016-06-12 16:10:52', '2016-06-12 16:10:52'),
(8, 'Baju Muslim', 1, 20, '2016-06-12 16:10:56', '2016-06-12 16:10:56'),
(9, 'Olahraga', 1, 20, '2016-06-12 16:11:01', '2016-06-12 16:11:01'),
(10, 'Kosmetik', 1, 20, '2016-06-12 16:11:15', '2016-06-12 16:11:15'),
(12, 'Sepatu', 2, 20, '2016-06-12 16:14:01', '2016-06-12 16:14:01'),
(13, 'Tas', 2, 20, '2016-06-12 16:14:09', '2016-06-12 16:14:09'),
(14, 'Jam Tangan', 2, 20, '2016-06-12 16:14:25', '2016-06-12 16:14:25'),
(15, 'Aksesoris', 2, 20, '2016-06-12 16:14:34', '2016-06-12 16:14:34'),
(16, 'Baju Muslim', 2, 20, '2016-06-12 16:14:58', '2016-06-12 16:14:58'),
(17, 'Olahraga', 2, 20, '2016-06-12 16:15:06', '2016-06-12 16:15:06'),
(18, 'Anak-anak', 0, 20, '2016-06-12 16:17:45', '2016-06-12 16:17:45'),
(20, 'Sepatu', 18, 20, '2016-06-12 16:18:14', '2016-06-12 16:18:14'),
(21, 'Tas', 18, 20, '2016-06-12 16:18:27', '2016-06-12 16:18:27'),
(22, 'Baju Muslim', 18, 20, '2016-06-12 16:18:34', '2016-06-12 16:18:34'),
(23, 'Big Size', 2, 20, '2016-09-28 16:20:10', '2016-09-28 16:20:10'),
(24, 'Home and Living', 0, 20, '2016-10-01 19:49:50', '2016-10-01 19:49:50'),
(25, 'Daily', 24, 20, '2016-10-01 19:50:13', '2016-10-01 19:50:13'),
(31, 'Baju', 1, 20, '2016-10-01 19:50:13', '2016-10-01 19:50:13'),
(32, 'Celana', 1, 20, '2016-10-01 19:50:13', '2016-10-01 19:50:13'),
(33, 'Jaket', 1, 20, '2016-10-01 19:50:13', '2016-10-01 19:50:13'),
(34, 'Rok', 1, 20, '2016-10-01 19:50:13', '2016-10-01 19:50:13'),
(37, 'Baju', 2, 20, '0000-00-00 00:00:00', '0000-00-00 00:00:00'),
(38, 'Celana', 2, 20, '0000-00-00 00:00:00', '0000-00-00 00:00:00'),
(39, 'Jaket', 2, 20, '0000-00-00 00:00:00', '0000-00-00 00:00:00'),
(40, 'Baju', 18, 20, '0000-00-00 00:00:00', '0000-00-00 00:00:00'),
(41, 'Celana', 18, 20, '0000-00-00 00:00:00', '0000-00-00 00:00:00'),
(42, 'Jaket', 18, 20, '0000-00-00 00:00:00', '0000-00-00 00:00:00');

-- --------------------------------------------------------

--
-- Table structure for table `coupon`
--

CREATE TABLE IF NOT EXISTS `coupon` (
  `id` int(11) NOT NULL,
  `kode_coupon` varchar(255) NOT NULL,
  `status` enum('belum_dipakai','sudah_dipakai') NOT NULL DEFAULT 'belum_dipakai',
  `potongan` int(11) NOT NULL,
  `created_at` datetime NOT NULL,
  `updated_at` datetime NOT NULL
) ENGINE=MyISAM AUTO_INCREMENT=6 DEFAULT CHARSET=latin1;

--
-- Dumping data for table `coupon`
--

INSERT INTO `coupon` (`id`, `kode_coupon`, `status`, `potongan`, `created_at`, `updated_at`) VALUES
(1, 'Kupon1', 'sudah_dipakai', 50000, '2016-12-07 13:33:35', '2016-12-26 09:48:24'),
(2, 'Kupon2', 'sudah_dipakai', 10000, '0000-00-00 00:00:00', '2016-12-26 11:17:37'),
(4, 'Kupon3', 'belum_dipakai', 30000, '2016-12-13 00:06:16', '2016-12-26 08:42:51');

-- --------------------------------------------------------

--
-- Table structure for table `fee_rate`
--

CREATE TABLE IF NOT EXISTS `fee_rate` (
  `id` int(11) NOT NULL,
  `price_cap_start` int(11) NOT NULL,
  `price_cap_end` int(11) NOT NULL,
  `percentage` int(11) NOT NULL,
  `created_at` datetime NOT NULL,
  `updated_at` datetime NOT NULL
) ENGINE=MyISAM AUTO_INCREMENT=7 DEFAULT CHARSET=latin1;

--
-- Dumping data for table `fee_rate`
--

INSERT INTO `fee_rate` (`id`, `price_cap_start`, `price_cap_end`, `percentage`, `created_at`, `updated_at`) VALUES
(1, 0, 499999, 10, '0000-00-00 00:00:00', '0000-00-00 00:00:00'),
(2, 500000, 999999, 8, '0000-00-00 00:00:00', '0000-00-00 00:00:00'),
(3, 1000000, 4999999, 5, '0000-00-00 00:00:00', '0000-00-00 00:00:00'),
(4, 5000000, 9999999, 3, '0000-00-00 00:00:00', '0000-00-00 00:00:00'),
(5, 10000000, 99999999, 2, '0000-00-00 00:00:00', '0000-00-00 00:00:00'),
(6, 100000000, 1000000000, 1, '0000-00-00 00:00:00', '0000-00-00 00:00:00');

-- --------------------------------------------------------

--
-- Table structure for table `merchant`
--

CREATE TABLE IF NOT EXISTS `merchant` (
  `id` int(11) NOT NULL,
  `email` varchar(255) NOT NULL,
  `password` varchar(255) DEFAULT NULL,
  `name` varchar(255) DEFAULT NULL,
  `shop_name` varchar(255) DEFAULT NULL,
  `phone_number` varchar(255) DEFAULT NULL,
  `company_name` varchar(255) DEFAULT NULL,
  `person_in_charge` varchar(255) DEFAULT NULL,
  `ic_number` varchar(255) DEFAULT NULL,
  `address` varchar(255) DEFAULT NULL,
  `province` varchar(255) DEFAULT NULL,
  `city` varchar(255) DEFAULT NULL,
  `district` varchar(255) DEFAULT NULL,
  `postal_code` varchar(255) DEFAULT NULL,
  `city_from` varchar(255) DEFAULT NULL,
  `account_number` varchar(255) DEFAULT NULL,
  `account_name` varchar(255) DEFAULT NULL,
  `account_bank` varchar(255) DEFAULT NULL,
  `is_accepted` enum('yes','pending','declined','') DEFAULT 'pending',
  `activation_code` varchar(255) DEFAULT NULL,
  `reset_password_code` varchar(255) NOT NULL,
  `created_at` datetime NOT NULL,
  `updated_at` datetime NOT NULL
) ENGINE=MyISAM AUTO_INCREMENT=189 DEFAULT CHARSET=latin1;

--
-- Dumping data for table `merchant`
--

INSERT INTO `merchant` (`id`, `email`, `password`, `name`, `shop_name`, `phone_number`, `company_name`, `person_in_charge`, `ic_number`, `address`, `province`, `city`, `district`, `postal_code`, `city_from`, `account_number`, `account_name`, `account_bank`, `is_accepted`, `activation_code`, `reset_password_code`, `created_at`, `updated_at`) VALUES
(1, 'irawanioe@gmail.com', '827ccb0eea8a706c4c34a16891f84e7b', 'Irawan', 'Busana Kawan Baru', '089610288891', 'Busana Kawan Baru', 'Irawan', '0123456789012345', 'Sukamekar no 8', 'jawa ', 'Bandung', 'Sukasari', '40151', 'Bandung', '2820105586', 'Ioe Irawan Nugraha', 'BCA', 'yes', NULL, '', '2016-06-01 11:27:10', '2016-12-16 14:01:17'),
(2, 'konoabutik@yahoo.com', '827ccb0eea8a706c4c34a16891f84e7b', 'Rini Vitramadonna', 'Konoa', 'Konoa', 'Konoa', 'Rini Vitramadonna', '***', 'Jalan Banjarsari 17 kav 2 ', 'jawa barat', 'Bandung', '***', '***', 'Bandung', '130-00-09023493', 'Rini Vitramadonna', 'Mandiri', 'yes', NULL, '', '2016-06-01 12:03:25', '2016-06-02 23:47:31'),
(3, 'flappergoods@gmail.com', '827ccb0eea8a706c4c34a16891f84e7b', 'Cindy Candi', 'Flappergoods', 'Flappergoods', 'Flappergoods', 'Cindy Candi', '3273225510850003', 'Jalan Merkuri No. 36, Margahayu Raya, Bandung', 'jakarta', 'Bandung', 'Sekejati', '***', 'Bandung', '6395027887', 'Candiani Ekawati', 'BCA', 'yes', NULL, '', '2016-06-01 12:14:42', '2016-06-03 00:01:10'),
(4, 'sajidahbatik16@gmail.com', '827ccb0eea8a706c4c34a16891f84e7b', 'Bambang Sukrianto dan Rica S.R', 'House of Sajidah', 'House of Sajidah', 'House of Sajidah', 'Bambang Sukrianto dan Rica S.R', '***', 'Thamrin City Lt D Blok B3 No 1', 'jakarta', 'Jakarta Pusat', '***', '***', 'Bandung', '121.000.620.4196', 'Bambang Sukrianto', 'Mandiri', 'yes', NULL, '', '2016-06-01 12:20:46', '2016-06-03 00:01:27'),
(5, 'novibarli@yahoo.co.id', '827ccb0eea8a706c4c34a16891f84e7b', 'Novi/ Erlyn', 'Lynoop Cloth', 'Lynoop Cloth', 'Lynoop Cloth', 'Novi/ Erlyn', '***', 'Baltos Lt 2 Blok P15', 'jawa barat', 'Bandung', '***', '***', 'Bandung', '0860015609', 'Erlyn Lindawati', 'BCA', 'yes', NULL, '', '2016-06-01 12:48:43', '2016-06-03 00:01:44'),
(6, 'jrbydesign.80@gmail.com', '827ccb0eea8a706c4c34a16891f84e7b', 'Rissa Yullita Jusyanti', 'JR by Design', 'JR by Design', 'JR by Design', 'Rissa Yullita Jusyanti', '3273266909800002', 'Jalan Golf Selatan 1 Blok 5/ 43', 'jawa barat', 'Bandung', 'Arcamanik', '40294', 'Bandung', '7750022736', 'Rissa Yullita Jusyanti', 'BCA', 'yes', NULL, '', '2016-06-01 16:47:25', '2016-06-03 00:02:01'),
(7, 'agustiararahayu.ayu@gmail.com', '827ccb0eea8a706c4c34a16891f84e7b', 'Agustiara Rahayu', 'R.d.R outfit', '081394002006', 'R.d.R outfit', 'Agustiara Rahayu', '3204356208710004', 'Sukamanah RT 01 RW 08', 'jawa barat', 'Bandung', 'Paseh', '40383', 'Bandung', '3760107025', 'Agustiara Rahayu', 'BCA', 'yes', NULL, '', '2016-06-01 16:51:22', '2016-09-29 19:06:25'),
(8, 'rahma.rahmatun@gmail.com', '029b222e7d3496a20a9e4ea3a816ce47', 'Rahmatun', '"Angga Art"', '"Angga Art"', '"Angga Art"', 'Rahmatun', '***', 'Lantai Dasar Blok H56 No 11 "Angga Art" Thamrin City', 'jakarta', 'Jakarta', '***', '***', 'Jakarta Pusat', '2060252320', 'Siti Rohmatun', 'BCA', 'yes', NULL, '', '2016-06-01 16:54:58', '2016-06-01 16:55:54'),
(9, 'odell.indonesia@gmail.com', '5f1a502adc349efc27fe5e4b12060b35', 'Alda Tania', 'Odell Indonesia', 'Odell Indonesia', 'Odell Indonesia', 'Alda Tania', '3273204809820001', 'Jalan Mars Utara 247 Metro ByPass', 'jawa barat', 'Bandung', 'Rancasari', '40291', 'Bandung', '1300011994277', 'Alda Tania ', 'Mandiri', 'yes', NULL, '', '2016-06-01 16:59:37', '2016-06-08 07:09:08'),
(10, 'nellitar@yahoo.com', 'bfd6f2e71ffa162ed9ee90edb7d92eed', 'Nellita Rianasari', 'RGM', 'RGM', 'RGM', 'Nellita Rianasari', '3273285209760001', 'Taman Cipadung Indah Jalan Graha no 2 ', 'jawa barat', 'Bandung', 'Panyileukan ', '40614', 'Bandung', '7750358718', 'Nellita Rianasari', 'BCA', 'yes', NULL, '', '2016-06-01 17:03:47', '2016-10-12 09:54:31'),
(11, 'dinikania.asya@gmail.com', '827ccb0eea8a706c4c34a16891f84e7b', 'Disya ', 'Disya ', 'Disya ', 'Disya ', 'Disya ', '***', 'Balubur Town Square Lt 2 Blok N no 9', 'jawa barat', 'Bandung', '***', '***', 'Bandung', '0860313995', 'Dini Kania Octaviany', 'BCA', 'yes', NULL, '', '2016-06-01 18:12:24', '2016-06-03 00:03:20'),
(12, 'weloveilook@gmail.com', '827ccb0eea8a706c4c34a16891f84e7b', 'Asri Ismayanti', 'Ilookroom', 'Ilookroom', 'Ilookroom', 'Asri Ismayanti', '***', 'Jalan Sarijadi Blok 7 No 134 ', 'jawa barat', 'Bandung', 'Sukasari', '40151', 'Bandung', '7771111932', 'Asri Ismayanti', 'BCA', 'yes', NULL, '', '2016-06-01 20:01:34', '2016-06-03 00:05:27'),
(13, 'habibaty.mafaza@gmail.com', '827ccb0eea8a706c4c34a16891f84e7b', 'Yuliani Sri Anggriani', 'Habibaty', 'Habibaty', 'Habibaty', 'Yuliani Sri Anggriani', '***', 'Jalan Batununggal Kavling C10', 'jawa barat', 'Bandung', 'Bandung Kidul', '40266', 'Aceh Barat', '4381405821', 'Yuliani Sri Anggriani', 'BCA', 'yes', NULL, '', '2016-06-01 20:06:53', '2016-06-03 00:05:40'),
(14, 'kaiabykavi@gmail.com', '827ccb0eea8a706c4c34a16891f84e7b', 'Kavita Anggraeni', 'Kishikaia', 'Kishikaia', 'Kishikaia', 'Kavita Anggraeni', '***', 'Jalan Sarikaso 3/ 27 ', 'jawa barat', 'Bandung', 'Sukasari', '40151', 'Bandung', '***', 'Kavita Anggraeni', 'BCA', 'yes', NULL, '', '2016-06-01 20:10:02', '2016-06-03 00:05:51'),
(15, 'ridakartini2627@yahoo.com', '827ccb0eea8a706c4c34a16891f84e7b', 'Rida Kartini', 'Ridcoll', 'Ridcoll', 'Ridcoll', 'Rida Kartini', '***', 'Jalan Jabaru 2 No 16 ', 'jawa barat', 'Bogor', 'Bogor Barat', '16119', 'Bogor', '1240006322284', 'Rida Kartini', 'Mandiri', 'yes', NULL, '', '2016-06-01 20:14:03', '2016-06-03 00:06:06'),
(16, 'celenabintang1@gmail.com', '827ccb0eea8a706c4c34a16891f84e7b', 'Mega Ariesta', 'Celena.id', 'Celena.id', 'Celena.id', 'Mega Ariesta', '3273134907850001', 'Jalan Sukajadi Komp. Amaya Residence', 'jawa barat', 'Bandung', 'Lengkong', '***', 'Bandung', '4460334158', 'Susan Susanti', 'BCA', 'yes', NULL, '', '2016-06-01 20:17:41', '2016-06-03 00:06:21'),
(17, 'bromedistrict@gmail.com', '827ccb0eea8a706c4c34a16891f84e7b', 'Medi Rahmadi', 'Bromedistrict', 'Bromedistrict', 'Bromedistrict', 'Medi Rahmadi', '***', 'Jalan Lombok No 11', 'jawa barat', 'Bandung', '***', '***', 'Bandung', '***', '***', '***', 'yes', NULL, '', '2016-06-01 20:19:44', '2016-06-03 00:06:50'),
(18, 'parismarini0412@gmail.com', '827ccb0eea8a706c4c34a16891f84e7b', 'Paris Marini', 'Macherie', 'Macherie', 'Macherie', 'Paris Marini', '***', 'Balubur Town Square Lt 2 Blok K no 12', 'jawa barat', 'Bandung', '***', '***', 'Bandung', '***', '***', '***', 'yes', NULL, '', '2016-06-01 20:24:17', '2016-06-03 00:07:09'),
(19, 'ananyahijab@gmail.com', '827ccb0eea8a706c4c34a16891f84e7b', 'Rini Yuniawati ', 'Ananya', 'Ananya', 'Ananya', 'Rini Yuniawati ', '3273135008670003', 'Jalan Rancagoong no 27', 'jawa barat', 'Bandung', '***', '40215', 'Bandung', '0084442000', 'Rini Yuniawati dan Lisnasari', 'BCA', 'yes', NULL, '', '2016-06-01 20:28:04', '2016-06-03 00:07:25'),
(20, 'okta_hamzah@yahoo.com', '827ccb0eea8a706c4c34a16891f84e7b', 'Oktarina', 'Cullotes', 'Cullotes', 'Cullotes', 'Oktarina', '***', 'Balubur Town Square Lt 2 Blok M no 21', 'jawa barat', 'Bandung', '***', '40191', 'Bandung', '***', '***', '***', 'yes', NULL, '', '2016-06-01 20:30:58', '2016-06-03 00:07:37'),
(21, 'rerewardrobe.info@gmail.com', '827ccb0eea8a706c4c34a16891f84e7b', 'Karinta Utami', 'Rere Wardrobe', 'Rere Wardrobe', 'Rere Wardrobe', 'Karinta Utami', '***', 'Jalan Dinding Ari 2 no 111 BRP Tasikmalaya', 'jawa barat', 'Tasikmalaya', 'Cipedes', '***', 'Tasikmalaya', '***', '***', '***', 'yes', NULL, '', '2016-06-01 20:33:51', '2016-06-03 00:07:55'),
(22, 'pramestikasdi@gmail.com', '827ccb0eea8a706c4c34a16891f84e7b', 'Pramesti Hutriani Kasdi', 'Dress&Chic', 'Dress&Chic', 'Dress&Chic', 'Pramesti Hutriani Kasdi', '***', 'Komp. Guruminda Jalan Purbasari 1 B no. 18', 'jawa barat', 'Bandung', '***', '***', 'Bandung', '1300004328871', 'Pramesti Hutriani Kasdi', 'Mandiri', 'yes', NULL, '', '2016-06-01 20:37:39', '2016-06-03 00:08:09'),
(23, 'tresnapuri@gmail.com', '827ccb0eea8a706c4c34a16891f84e7b', 'Tresna', 'TR collection', 'TR collection', 'TR by Tresna Puri', 'Tresna', '***', 'Balubur Town Square Lt 2 Blok D no 7', 'jawa barat', 'Bandung', 'Kiaracondong', '***', 'Bandung', '***', '***', '***', 'yes', NULL, '', '2016-06-01 20:41:28', '2016-06-03 00:08:23'),
(24, 'vebiasoraya@yahoo.com', '827ccb0eea8a706c4c34a16891f84e7b', 'Vei', 'Zeebia', 'Zeebia', 'Zeebia', 'Vei', '***', 'Jalan Phrasta 2 Blok E no 32', 'jawa barat', 'Bandung', '***', '***', 'Bandung', '***', '***', '***', 'yes', NULL, '', '2016-06-01 20:49:58', '2016-06-03 00:08:51'),
(25, 'r_adinurzaman@yahoo.com', '827ccb0eea8a706c4c34a16891f84e7b', 'Adi Nurzaman', 'Innblastur', 'Innblastur', 'Innblastur', 'Adi Nurzaman', '***', 'Jalan Kiarasari 4 No 1', 'jawa barat', 'Bandung', 'Margasari', '40287', 'Bandung', '***', '***', '***', 'yes', NULL, '', '2016-06-01 20:52:44', '2016-06-03 00:09:10'),
(26, 'idevolet@gmail.com', '827ccb0eea8a706c4c34a16891f84e7b', 'Ira Maryani', 'Evolet', 'Evolet', 'Evolet', 'Ira Maryani', '***', 'Jalan Ir. H. Djuanda', 'jawa barat', 'Bandung', '***', '***', 'Bandung', '3791368489', 'Ira Maryani', 'BCA', 'yes', NULL, '', '2016-06-01 20:57:12', '2016-06-03 00:09:24'),
(27, 'ambuchae@gmail.com', '827ccb0eea8a706c4c34a16891f84e7b', 'Haritsah Nur Fauzi', 'Ambuchae', 'Ambuchae', 'Ambuchae', 'Haritsah Nur Fauzi', '***', 'Perumahan Citra Pesona Blok C3 No 6', 'jawa barat', 'Cimahi', 'Cibeber', '***', 'Cimahi', '***', 'Haritsah  Nur Fauzi', 'Mandiri', 'yes', NULL, '', '2016-06-01 21:00:23', '2016-06-03 00:09:35'),
(28, 'karmilak321@gmail.com', '827ccb0eea8a706c4c34a16891f84e7b', 'Karmila', 'Mela Hijab Style', 'Mela Hijab Style', 'Mela Hijab Style', 'Karmila', '***', 'Jalan Cilengkrang 1 Griya Cilengkrang Asri No. 14', 'jawa barat', 'Bandung', '***', '***', 'Bandung', '***', 'Karmila', 'Mandiri', 'yes', NULL, '', '2016-06-01 21:03:44', '2016-06-03 00:09:53'),
(29, 'hanimahtea@gmail.com', '827ccb0eea8a706c4c34a16891f84e7b', 'Ineu Ferimanikam', 'Iffer', 'Iffer', 'Iffer', 'Ineu Ferimanikam', '3273216406730003', 'Balubur Town Square Lt 2 Blok H no 3', 'jawa barat', 'Bandung', '***', '***', 'Bandung', '***', '***', '***', 'yes', NULL, '', '2016-06-01 21:07:14', '2016-06-03 00:10:06'),
(30, 'adrianti.rahmalia@yahoo.com', '827ccb0eea8a706c4c34a16891f84e7b', 'Rahmalia Adrianti', 'Mayyasah Label', 'Mayyasah Label', 'Mayyasah Label', 'Rahmalia Adrianti', '3273184404920001', 'Jalan Sidomukti no.5 T', 'jawa barat', 'Bandung', 'Sukaluyu', '40123', 'Bandung', '***', '***', 'BCA', 'yes', NULL, '', '2016-06-01 21:09:51', '2016-06-03 00:10:19'),
(31, 'fatmanedya@yahoo.com', '827ccb0eea8a706c4c34a16891f84e7b', 'Fatma', 'Fatmanedya Fashion & Hijab', 'Fatmanedya Fashion & Hijab', 'Fatmanedya Fashion & Hijab', 'Fatma', '***', 'Komp Batu Permata 3 No 31', 'jakarta', 'Bandung', 'Buah Batu', '***', 'Bandung', '7750240091', 'Neng Fatmawati', 'BCA', 'yes', NULL, '', '2016-06-01 21:13:12', '2016-06-03 00:10:29'),
(32, 'teh_melisa231@yahoo.co.id', '827ccb0eea8a706c4c34a16891f84e7b', 'Melisa Garmila', 'Hasna Butik', 'Hasna Butik', 'Hasna Butik', 'Melisa Garmila', '***', 'Jalan Mars Tengah no 33 ', 'jakarta', 'Bandung', '***', '***', 'Bandung', '1300009892954', 'Melisa Garmila', 'Mandiri', 'yes', NULL, '', '2016-06-01 21:16:23', '2016-06-03 00:10:44'),
(33, 'theresianurhayati@gmail.com', '827ccb0eea8a706c4c34a16891f84e7b', 'Dede', '31noor hijabcloths', '31noor hijabcloths', '31noor hijabcloths', 'Dede', '3273116101790008', 'Jalan Pasirluyu Timur no 109', 'jawa barat', 'Bandung', 'Regol', '40255', 'Bandung', '0081990891', 'Theresia Nurhayati', 'BCA', 'yes', NULL, '', '2016-06-01 21:19:14', '2016-06-03 00:10:56'),
(34, 'dwisetyowati@gmail.com', '827ccb0eea8a706c4c34a16891f84e7b', 'Dwi Setyowati', 'Dewi Fashion', 'Dewi Fashion', 'Dewi Fashion', 'Dwi Setyowati', '3273026111840005', 'Pasar Andir Trade Center Lt 2 Blok E no 37', 'jawa barat', 'Bandung', '***', '***', 'Bandung', '8090249429', 'Dwi Setyowati', 'BCA', 'yes', NULL, '', '2016-06-01 21:22:45', '2016-06-03 00:11:08'),
(35, 'zharifa_hijab@gmail.com', '827ccb0eea8a706c4c34a16891f84e7b', 'Zharifa', 'Zharifa', 'Zharifa', 'Zharifa', 'Zharifa', '***', 'Balubur Town Square Lt 2 Blok J no 3', 'jawa barat', 'Bandung', '***', '***', 'Bandung', '***', '***', '***', 'yes', NULL, '', '2016-06-01 22:34:50', '2016-06-03 00:11:21'),
(36, 'thealmabdg@gmail.com', '827ccb0eea8a706c4c34a16891f84e7b', 'Selly Hapriyatin', 'd''Alma Collection', 'd''Alma Collection', 'd''Alma Collection', 'Selly Hapriyatin', '3273256509790001', 'Pasar Baru Square Lt 1 Blok B7', 'jawa barat', 'Bandung', '***', '***', 'Bandung', '0860477696', 'Selly Hapriyatin', 'BCA', 'yes', NULL, '', '2016-06-01 22:37:52', '2016-06-03 00:11:34'),
(37, 'eclemix@gmail.com', '827ccb0eea8a706c4c34a16891f84e7b', 'Ulliya Ummikhulzum', 'Eclemix Modern Moeslim Fashion', 'Eclemix Modern Moeslim Fashion', 'Eclemix Modern Moeslim Fashion', 'Ulliya Ummikhulzum', '***', '***', 'jawa barat', 'Bandung', '***', '***', 'Bandung', '***', 'Ulliya Ummikhulzum', '***', 'yes', NULL, '', '2016-06-01 22:44:12', '2016-06-03 00:11:49'),
(38, 'ayanamakayla@gmail.com', '827ccb0eea8a706c4c34a16891f84e7b', 'Ayana Makayla', 'Ayana Makayla', 'Ayana Makayla', 'Ayana Makayla', 'Ayana Makayla', '***', 'Jalan Sariwangi No 1 RT 01/ 10', 'jawa barat', 'Bandung', '***', '***', 'Bandung', '***', '***', '***', 'yes', NULL, '', '2016-06-01 23:02:44', '2016-06-03 00:12:08'),
(39, 'hijabchic@gmail.com', '827ccb0eea8a706c4c34a16891f84e7b', 'Hijabchic', 'Hijabchic', 'Hijabchic', 'Hijabchic', 'Hijabchic', '***', 'Jalan Cimanuk no 6', 'jawa barat', 'Bandung', '***', '***', 'Bandung', '***', '***', '***', 'yes', NULL, '', '2016-06-01 23:05:14', '2016-06-03 00:12:22'),
(40, 'yarashyma@gmail.com', '827ccb0eea8a706c4c34a16891f84e7b', 'Dika Saputri', 'Yarashyma', 'Yarashyma', 'Yarashyma', 'Dika Saputri', '***', 'Balubur Town Square Lt 2 Blok H no 11', 'jawa barat', 'Bandung', '***', '***', 'Bandung', '***', '***', '***', 'yes', NULL, '', '2016-06-01 23:08:00', '2016-06-03 00:12:34'),
(41, 'aiesha@gmail.com', '827ccb0eea8a706c4c34a16891f84e7b', 'Kania', 'Aiesha Abia', 'Aiesha Abia', 'Aiesha Abia', 'Kania', '***', 'Jalan Ir. H. Djuanda no 81', 'jawa barat', 'Bandung', '***', '***', 'Bandung', '***', '***', '***', 'yes', NULL, '', '2016-06-01 23:10:42', '2016-06-03 00:12:47'),
(42, 'farfaz@gmail.com', '827ccb0eea8a706c4c34a16891f84e7b', 'Ike', 'Farfaz', 'Farfaz', 'Farfaz', 'Ike', '***', 'Balubur Town Square Lt 2 Blok G no 12', 'jawa barat', 'Bandung', '***', '***', 'Bandung', '***', '***', '***', 'yes', NULL, '', '2016-06-01 23:13:07', '2016-06-03 00:04:24'),
(43, 'nabilfaridali@gmail.com', '827ccb0eea8a706c4c34a16891f84e7b', 'Nabil Farid Ali', 'Lalune', 'Lalune', 'Lalune', 'Nabil Farid Ali', '***', 'Jalan Babakan Priangan 5 No. 10', 'jakarta', 'Bandung', '***', '***', 'Bandung', '***', '***', '***', 'yes', NULL, '', '2016-06-01 23:16:23', '2016-06-02 23:49:31'),
(44, 'kamisuka.batikindonesia@gmail.com', '827ccb0eea8a706c4c34a16891f84e7b', 'Dunia Giri', 'Kamisuka Batik', 'Kamisuka Batik', 'Kamisuka Batik', 'Dunia Giri', '***', 'Balubur Town Square Lt D1 P11', 'jakarta', 'Bandung', '***', '***', 'Bandung', '***', '***', '***', 'yes', NULL, '', '2016-06-01 23:22:40', '2016-06-02 23:46:32'),
(45, 'kistri.himawan@gmail.com', '827ccb0eea8a706c4c34a16891f84e7b', 'Kistriana Kusumadewi', 'IM & CO', 'IM & CO', 'IM & CO', 'Kistriana Kusumadewi', '***', 'Komp Taman Persada Asri 1 Blok D No 3 ', 'jawa barat', 'Bandung', 'Rancabolang', '***', 'Bandung', '***', '***', '***', 'yes', NULL, '', '2016-06-01 23:31:32', '2016-06-02 23:46:09'),
(46, 'info@julieslook.com', '827ccb0eea8a706c4c34a16891f84e7b', 'Dini', 'Julieslook', 'Julieslook', 'Julieslook', 'Dini', '***', '***', 'jawa barat', 'Bandung', '***', '***', 'Bandung', '***', '***', '***', 'yes', NULL, '', '2016-06-01 23:33:32', '2016-06-02 23:46:49'),
(47, 'omey.rahmawati@gmail.com', '827ccb0eea8a706c4c34a16891f84e7b', 'Mely', 'Dress Up For Faith', 'Dress Up For Faith', 'Dress Up For Faith', 'Mely', '***', 'Jalan Denpasar No 70', 'jawa barat', 'Bandung', 'Antapani', '***', 'Bandung', '***', '***', '***', 'yes', NULL, '', '2016-06-01 23:35:46', '2016-06-02 23:47:03'),
(48, 'malana.indonesia@yahoo.com', '827ccb0eea8a706c4c34a16891f84e7b', 'Marina Uzamah', 'Malana Indonesia', 'Malana Indonesia', 'Malana Indonesia', 'Marina  Uzamah', '***', '***', 'jawa barat', 'Bandung', '***', '***', 'Bandung', '***', '***', '***', 'yes', NULL, '', '2016-06-02 13:51:24', '2016-06-02 23:47:16'),
(49, 'ghaidatsurayya@gmail.com', '827ccb0eea8a706c4c34a16891f84e7b', 'Ghaida Tsurayya', 'GDA''S', 'GDA''S', 'GDA''S', 'Ghaida Tsurayya', '***', '***', 'jawa barat', 'Bandung', '***', '***', 'Bandung', '***', '***', '***', 'yes', NULL, '', '2016-06-02 14:04:41', '2016-06-02 23:48:00'),
(50, 'susan165@gmail.com', '827ccb0eea8a706c4c34a16891f84e7b', 'Susan Huda', 'Susan Huda', 'Susan Huda', 'Susan Huda', 'Susan Huda', '***', 'Balubur Town Square Lt 2 Blok M no 07', 'jawa barat', 'Bandung', '***', '***', 'Bandung', '***', '***', '***', 'yes', NULL, '', '2016-06-02 14:50:27', '2016-06-02 23:48:15'),
(51, 'info.legan@gmail.com', '827ccb0eea8a706c4c34a16891f84e7b', 'Runny Soema di Pradja', 'LGAN', 'LGAN', 'LGAN', 'Runny Soema di Pradja', '***', 'Jalan Markoni No 6', 'jawa barat', 'Bandung', '***', '***', 'Bandung', '***', '***', '***', 'yes', NULL, '', '2016-06-02 14:52:45', '2016-06-02 23:48:27'),
(52, 'izz.craft@yahoo.com', '827ccb0eea8a706c4c34a16891f84e7b', 'Eis', 'Gallery Mutiez', 'Gallery Mutiez', 'Gallery Mutiez', 'Eis', '***', 'Balubur Town Square Lt 2 Blok Q no 3', 'jawa barat', 'Bandung', '***', '***', 'Bandung', '***', '***', '***', 'yes', NULL, '', '2016-06-02 14:54:34', '2016-06-02 23:48:38'),
(53, 'ghe.hijab@gmail.com', '827ccb0eea8a706c4c34a16891f84e7b', 'Gheni', 'Ghe.hijab', 'Ghe.hijab', 'Ghe.hijab', 'Gheni', '***', '***', 'jawa barat', 'Bandung', '***', '***', 'Bandung', '***', '***', '***', 'yes', NULL, '', '2016-06-02 14:56:09', '2016-06-02 23:48:50'),
(54, 'monolov@gmail.com', '827ccb0eea8a706c4c34a16891f84e7b', 'Echie', 'Monolov', 'Monolov', 'Monolov', 'Echie', '***', 'Balubur Town Square Lt 2 Blok L no 10', 'jawa barat', 'Bandung', '***', '***', 'Bandung', '***', '***', '***', 'yes', NULL, '', '2016-06-02 14:57:43', '2016-06-02 23:49:01'),
(55, 'dinarnia@gmail.com', '827ccb0eea8a706c4c34a16891f84e7b', 'Dina', 'Dinarnia', 'Dinarnia', 'Dinarnia', 'Dina', '***', 'Balubur Town Square Lt 2 Blok J no 15', 'jawa barat', 'Bandung', '***', '***', 'Bandung', '***', '***', '***', 'yes', NULL, '', '2016-06-02 14:59:22', '2016-06-02 23:49:13'),
(56, 'amitahouse@gmail.com', '827ccb0eea8a706c4c34a16891f84e7b', 'Amita', 'Amita House', 'Amita House', 'Amita House', 'Amita', '***', 'Balubur Town Square Lt 2 Blok K no 3', 'jawa barat', 'Bandung', '***', '***', 'Bandung', '***', '***', '***', 'yes', NULL, '', '2016-06-02 15:01:27', '2016-06-02 23:49:52'),
(57, 'sdvsignature@gmail.com', '827ccb0eea8a706c4c34a16891f84e7b', 'SDV signature', 'SDV signature', 'SDV signature', 'SDV signature', 'SDV signature', '***', '***', 'jawa barat', 'Bandung', '***', '***', 'Bandung', '***', '***', '***', 'yes', NULL, '', '2016-06-02 15:03:22', '2016-06-02 23:50:11'),
(58, 'eldeshoes@gmail.com', '827ccb0eea8a706c4c34a16891f84e7b', 'Lady Dahlia', 'Eldee Originals', 'Eldee Originals', 'Eldee Originals', 'Lady Dahlia', '***', 'Jalan Aria Jipang 1-3 Blok C 3 ', 'jawa barat', 'Bandung', '***', '***', 'Bandung', '***', '***', '***', 'yes', NULL, '', '2016-06-02 15:05:37', '2016-06-02 23:50:23'),
(59, 'indayani_boutique@yahoo.com', '827ccb0eea8a706c4c34a16891f84e7b', 'Indayani', ' Indayani Boutique', ' Indayani Boutique', ' Indayani Boutique', 'Indayani', '***', 'Komp Pasir Bogor Jalan Pasir Kencana 2 Blok A 12', 'jawa barat', 'Bandung', '***', '***', 'Bandung', '***', '***', '***', 'yes', NULL, '', '2016-06-02 15:07:49', '2016-06-02 23:50:34'),
(60, 'butikubysenny@gmail.com', '827ccb0eea8a706c4c34a16891f84e7b', 'Hira', 'Butiku by Senny', 'Butiku by Senny', 'Butiku by Senny', 'Hira', '***', '***', 'jakarta', 'Bandung', '***', '***', 'Bandung', '***', '***', '***', 'yes', NULL, '', '2016-06-02 15:09:56', '2016-06-02 23:50:47'),
(61, 'haurachiffon@gmail.com', '827ccb0eea8a706c4c34a16891f84e7b', 'Heri', 'Haura Chiffon', 'Haura Chiffon', 'Haura Chiffon', 'Heri', '***', 'Balubur Town Square Lt 2 Blok X no 29', 'jawa barat', 'Bandung', '***', '***', 'Bandung', '***', '***', '***', 'yes', NULL, '', '2016-06-02 15:11:34', '2016-06-02 23:50:59'),
(62, 'malyaindonesia@gmail.com', '827ccb0eea8a706c4c34a16891f84e7b', 'Malya', 'Malya Indonesia', 'Malya Indonesia', 'Malya Indonesia', 'Malya', '***', '***', 'jawa barat', 'Bandung', '***', '***', 'Bandung', '***', '***', '***', 'yes', NULL, '', '2016-06-02 15:12:55', '2016-06-02 23:51:12'),
(63, 'risty_cw@yahoo.co.id', '827ccb0eea8a706c4c34a16891f84e7b', 'Risty Abam', 'Abame', 'Abame', 'Abame', 'Risty Abam', '***', 'Jalan Progo No. 3 ', 'jawa barat', 'Bandung', '***', '***', 'Bandung', '***', '***', '***', 'yes', NULL, '', '2016-06-02 15:14:29', '2016-06-02 23:51:26'),
(64, 'mien_adhi@yahoo.com', '827ccb0eea8a706c4c34a16891f84e7b', 'Mien Adhi', 'Myn Limited', 'Myn Limited', 'Myn Limited', 'Mien Adhi', '***', 'Jalan Cancer No 18 Turangga', 'jawa barat', 'Bandung', '***', '***', 'Bandung', '***', '***', '***', 'yes', NULL, '', '2016-06-02 15:16:32', '2016-06-02 23:51:38'),
(65, 'bellissima@gmail.com', '827ccb0eea8a706c4c34a16891f84e7b', 'Bellissima', 'Bellissima', 'Bellissima', 'Bellissima', 'Bellissima', '***', '***', 'jawa barat', 'Bandung', '***', '***', 'Bandung', '***', '***', '***', 'yes', NULL, '', '2016-06-02 15:18:08', '2016-06-02 23:51:49'),
(66, 'glintzshoes@gmail.com', '827ccb0eea8a706c4c34a16891f84e7b', 'Glintz', 'Glintz', 'Glintz', 'Glintz', 'Glintz', '***', 'Jalan Cilaki no 15 ', 'jawa barat', 'Bandung', '***', '***', 'Bandung', '***', '***', '***', 'yes', NULL, '', '2016-06-02 15:19:29', '2016-06-02 23:52:00'),
(67, 'minaboutique@gmail.com', '827ccb0eea8a706c4c34a16891f84e7b', 'Mina', 'Mina Boutique', 'Mina Boutique', 'Mina Boutique', 'Mina', '***', 'Jalan Kapten Abdul Hamid No 54 Setiabudhi', 'jawa barat', 'Bandung', '***', '***', 'Bandung', '***', '***', '***', 'yes', NULL, '', '2016-06-02 15:22:13', '2016-06-02 23:52:10'),
(68, 'asriwidipramesti@gmail.com', '827ccb0eea8a706c4c34a16891f84e7b', 'Asri Widipramesti SH', 'Mybrooch Asri', 'Mybrooch Asri', 'Mybrooch Asri', 'Asri Widipramesti SH', '***', '***', 'jawa barat', 'Bandung', '***', '***', 'Bandung', '***', '***', '***', 'yes', NULL, '', '2016-06-02 15:24:36', '2016-06-02 23:52:30'),
(69, 'dncindonesia@gmail.com', '827ccb0eea8a706c4c34a16891f84e7b', 'DNC Shoes and Apparel', 'DNC Shoes and Apparel', 'DNC Shoes and Apparel', 'DNC Shoes and Apparel', 'DNC Shoes and Apparel', '***', 'Jalan Ir. H. Djuanda no 81 Dago', 'jawa barat', 'Bandung', '***', '***', 'Bandung', '***', '***', '***', 'yes', NULL, '', '2016-06-02 15:26:36', '2016-06-02 23:52:42'),
(70, 'qnanz.reseller@yahoo.com', '827ccb0eea8a706c4c34a16891f84e7b', 'Yanti Shaura', 'Qnanz', 'Qnanz', 'Qnanz', 'Yanti Shaura', '***', 'Jalan Ahmad Yani Upper Ground Floor', 'jawa barat', 'Bandung', '***', '***', 'Bandung', '***', '***', '***', 'yes', NULL, '', '2016-06-02 15:31:18', '2016-06-02 23:52:59'),
(71, 'daniahbaradja@gmail.com', '827ccb0eea8a706c4c34a16891f84e7b', 'Daniah Abbas Baradja, ST., MBA', 'Rumah Batik Daniah', 'Rumah Batik Daniah', 'Rumah Batik Daniah', 'Daniah Abbas Baradja, ST., MBA', '***', 'Purwakarta Ruko No 86 ', 'jakarta', 'Bandung', 'Antapani', '***', 'Bandung', '***', '***', '***', 'yes', NULL, '', '2016-06-02 15:34:44', '2016-06-02 23:53:12'),
(72, 'celloqueen@gmail.com', '827ccb0eea8a706c4c34a16891f84e7b', 'Chandrie', 'CelloQueen', 'CelloQueen', 'CelloQueen', 'Chandrie', '***', 'Jalan Cukang Kawung No 17', 'jakarta', 'Bandung', ' Cikutra Barat', '***', 'Bandung', '***', '***', '***', 'yes', NULL, '', '2016-06-02 15:37:10', '2016-06-02 23:53:23'),
(73, 'info@zahaclothing.com', '827ccb0eea8a706c4c34a16891f84e7b', 'Zaha', 'Zaha', 'Zaha', 'Zaha', 'Zaha', '***', '***', 'jawa barat', 'Bandung', '***', '***', 'Bandung', '***', '***', '***', 'yes', NULL, '', '2016-06-02 15:39:45', '2016-06-02 23:53:35'),
(74, 'irfanhakimstore@gmail.com', '827ccb0eea8a706c4c34a16891f84e7b', 'Irfan Hakim Store', 'Irfan Hakim Store', 'Irfan Hakim Store', 'Irfan Hakim Store', 'Irfan Hakim Store', '***', 'Thamrin City Lt D1 Blok E2 No 25', 'jakarta', 'Jakarta Pusat', '***', '***', 'Jakarta Pusat', '***', '***', '***', 'yes', NULL, '', '2016-06-02 15:42:03', '2016-06-02 23:53:46'),
(75, 'moutishop@gmail.com', '827ccb0eea8a706c4c34a16891f84e7b', 'Moutishop', 'Moutishop', 'Moutishop', 'Moutishop', 'Moutishop', '***', '***', 'jawa barat', 'Bandung', '***', '***', 'Bandung', '***', '***', '***', 'yes', NULL, '', '2016-06-02 15:43:55', '2016-06-02 23:54:00'),
(76, 'kaila@gmail.com', '827ccb0eea8a706c4c34a16891f84e7b', 'Kaila', 'Kaila Moeslim Fashion', 'Kaila Moeslim Fashion', 'Kaila Moeslim Fashion', 'Kaila', '***', 'Jalan Jenderal Sudirman No 22 ', 'jawa barat', 'Purwakarta', '***', '***', 'Aceh Barat', '***', '***', '***', 'yes', NULL, '', '2016-06-02 15:45:55', '2016-06-02 23:54:12'),
(77, 'alhijab@gmail.com', '827ccb0eea8a706c4c34a16891f84e7b', 'Al Hijab', 'Al Hijab Collection', 'Al Hijab Collection', 'Al Hijab Collection', 'Al Hijab', '***', 'Pasar Baru Trade Centre Lt B1 Blok F No 20', 'jawa barat', 'Bandung', '***', '***', 'Bandung', '***', '***', '***', 'yes', NULL, '', '2016-06-02 15:47:50', '2016-06-02 23:54:27'),
(78, 'ratih@ikikadin.co.id', '827ccb0eea8a706c4c34a16891f84e7b', 'Ratih Fajarwati', 'Iki Kadin', 'Iki Kadin', 'Iki Kadin', 'Ratih Fajarwati', '***', '***', 'jawa barat', 'Bandung', '***', '***', 'Bandung', '***', '***', '***', 'yes', NULL, '', '2016-06-02 15:49:38', '2016-06-02 23:54:38'),
(79, 'zla@gmail.com', '827ccb0eea8a706c4c34a16891f84e7b', 'Z.La', 'Z.La', 'Z.La', 'Z.La', 'Z.La', '***', '***', 'jawa barat', 'Bandung', '***', '***', 'Bandung', '***', '***', '***', 'yes', NULL, '', '2016-06-02 15:51:23', '2016-06-02 23:54:50'),
(80, 'shabibhijab@gmail.com', '827ccb0eea8a706c4c34a16891f84e7b', 'ShaBib Hijab Syar''i', 'ShaBib Hijab Syar''i', 'ShaBib Hijab Syar''i', 'ShaBib Hijab Syar''i', 'ShaBib Hijab Syar''i', '***', 'Pasar Baru Square Lt 1 B No 29', 'jawa barat', 'Bandung', '***', '***', 'Bandung', '***', '***', '***', 'yes', NULL, '', '2016-06-02 15:54:35', '2016-06-02 23:55:05'),
(81, 'Indress_coll@yahoo.co.id', '827ccb0eea8a706c4c34a16891f84e7b', 'Lili Indreswari Purnomo', 'Indress', 'Indress', 'Indress', 'Lili Indreswari Purnomo', '***', 'Jalan YRS 1A/12', 'jakarta', 'Jakarta Selatan', 'Bintaro', '12330', 'Jakarta Selatan', '***', '***', '***', 'yes', NULL, '', '2016-06-02 15:57:08', '2016-06-02 23:55:30'),
(82, 'esemelboutique@gmail.com', '827ccb0eea8a706c4c34a16891f84e7b', 'Esemel Boutique', 'Esemel Boutique', 'Esemel Boutique', 'Esemel Boutique', 'Esemel Boutique', '***', '***', 'jawa barat', 'Bandung', '***', '***', 'Bandung', '***', '***', '***', 'yes', NULL, '', '2016-06-02 15:58:45', '2016-06-02 23:55:42'),
(83, 'proudlyshoes@gmail.com', '827ccb0eea8a706c4c34a16891f84e7b', 'Proudly Shoes', 'Proudly Shoes', 'Proudly Shoes', 'Proudly Shoes', 'Proudly Shoes', '***', '***', 'jawa barat', 'Bandung', '***', '***', 'Bandung', '***', '***', '***', 'yes', NULL, '', '2016-06-02 16:00:09', '2016-06-02 23:55:56'),
(84, 'waydeemuslim@gmail.com', '827ccb0eea8a706c4c34a16891f84e7b', 'Waydee', 'Waydee', 'Waydee', 'Waydee', 'Waydee', '***', 'Jalan Galunggung No 28 ', 'jawa barat', 'Bandung', '***', '***', 'Bandung', '***', '***', '***', 'yes', NULL, '', '2016-06-02 16:48:00', '2016-06-02 23:56:22'),
(85, 'shenaora@yahoo.com', '827ccb0eea8a706c4c34a16891f84e7b', 'Shenaora Boutique', 'Shenaora Boutique', 'Shenaora Boutique', 'Shenaora Boutique', 'Shenaora Boutique', '***', 'Jalan Cirendeu Raya No 17C', 'banten', 'Tangerang Selatan', '***', '***', 'Tangerang Selatan', '***', '***', '***', 'yes', NULL, '', '2016-06-02 16:51:45', '2016-06-02 23:56:42'),
(86, 'tasya.keefe@gmail.com', '827ccb0eea8a706c4c34a16891f84e7b', 'Tasya', 'Meccanism', 'Meccanism', 'Meccanism', 'Tasya', '***', 'Jalan HasannudinNo 26 A', 'jawa barat', 'Bandung', '***', '***', 'Bandung', '***', '***', '***', 'yes', NULL, '', '2016-06-02 16:57:19', '2016-06-02 23:56:59'),
(87, 'ederraid@gmail.com', '827ccb0eea8a706c4c34a16891f84e7b', 'Ederra', 'Ederra', 'Ederra', 'Ederra', 'Ederra', '***', 'Jalan Raya Babarsari, Ruko seberang SPBU Babarsari, no 100 D', 'yogyakarta', 'Sleman', 'Depok', '***', 'Sleman', '***', '***', '***', 'yes', NULL, '', '2016-06-02 17:02:07', '2016-06-02 23:57:11'),
(88, 'valovahsb@gmail.com', '827ccb0eea8a706c4c34a16891f84e7b', 'Valofa Hijab Sae Bandung', 'Valofa Hijab Sae Bandung', 'Valofa Hijab Sae Bandung', 'Valofa Hijab Sae Bandung', 'Valofa Hijab Sae Bandung', '***', '***', 'jawa barat', 'Bandung', '***', '***', 'Bandung', '***', '***', '***', 'yes', NULL, '', '2016-06-02 17:04:00', '2016-06-02 23:57:37'),
(89, 'lia_muslimwear@yahoo.co.id', '827ccb0eea8a706c4c34a16891f84e7b', 'Lia Muslim Wear', 'Lia Muslim Wear', 'Lia Muslim Wear', 'Lia Muslim Wear', 'Lia Muslim Wear', '***', 'Komp. Setra Dago Antapani', 'jawa barat', 'Bandung', '***', '***', 'Bandung', '***', '***', '***', 'yes', NULL, '', '2016-06-02 17:05:42', '2016-06-02 23:58:05'),
(90, 'rashawl@gmail.com', '827ccb0eea8a706c4c34a16891f84e7b', 'Mayang', 'Rashawl', 'Rashawl', 'Rashawl', 'Rashawl', '***', 'Jalan Mangga No 36 B', 'jawa barat', 'Bandung', '***', '***', 'Bandung', '***', '***', '***', 'yes', NULL, '', '2016-06-02 17:07:18', '2016-06-02 23:58:16'),
(91, 'ask.queenerikha@gmail.com', '827ccb0eea8a706c4c34a16891f84e7b', 'Queenerikha Indonesia', 'Queenerikha Indonesia', 'Queenerikha Indonesia', 'Queenerikha Indonesia', 'Queenerikha Indonesia', '***', '***', 'jawa barat', 'Bandung', '***', '***', 'Bandung', '***', '***', '***', 'yes', NULL, '', '2016-06-02 17:09:14', '2016-06-02 23:58:27'),
(92, 'reclays.afterlife@yahoo.com', '827ccb0eea8a706c4c34a16891f84e7b', 'Reclays', 'Reclays', 'Reclays', 'Reclays', 'Reclays', '***', 'Jalan Srimahi Dalam 1 No 1 ', 'jawa barat', 'Bandung', '***', '***', 'Bandung', '***', '***', '***', 'yes', NULL, '', '2016-06-02 17:13:54', '2016-06-02 20:48:45'),
(93, 'coppo.idn@gmail.com', '827ccb0eea8a706c4c34a16891f84e7b', 'Coppo', 'Coppo', 'Coppo', 'Coppo', 'Coppo', '***', '***', 'jawa barat', 'Bandung', '***', '***', 'Bandung', '***', '***', '***', 'yes', NULL, '', '2016-06-02 17:20:43', '2016-06-02 23:58:38'),
(94, 'winnycaprina@ymail.com', '827ccb0eea8a706c4c34a16891f84e7b', 'Winny Caprina', 'Jumma Kids', 'Jumma Kids', 'Jumma Kids', 'Winny Caprina', '***', 'Komp Dago Asri IV no 4', 'jakarta', 'Bandung', '***', '40135', 'Bandung', '***', '***', '***', 'yes', NULL, '', '2016-06-02 17:22:51', '2016-06-02 23:58:49'),
(95, 'weta1806@gmail.com', '827ccb0eea8a706c4c34a16891f84e7b', 'Weta Tri Herlani', 'Tofftop8', 'Tofftop8', 'Tofftop8', 'Weta Tri Herlani', '***', '***', 'jawa barat', 'Bandung', '***', '***', 'Bandung', '***', '***', '***', 'yes', NULL, '', '2016-06-02 17:24:23', '2016-06-02 23:59:00'),
(96, 'barliasmara.nitieqbatik@gmail.com', '827ccb0eea8a706c4c34a16891f84e7b', 'Barliasmara for Nitieqbatik', 'Barliasmara for Nitieqbatik', 'Barliasmara for Nitieqbatik', 'Barliasmara for Nitieqbatik', 'Barliasmara for Nitieqbatik', '***', '***', 'jawa barat', 'Bandung', '***', '***', 'Bandung', '***', '***', '***', 'yes', NULL, '', '2016-06-02 17:26:08', '2016-06-02 23:59:12'),
(97, 'unfairytaleme@gmail.com', '827ccb0eea8a706c4c34a16891f84e7b', 'Marissa', 'Unfairytaleme', 'Unfairytaleme', 'Unfairytaleme', 'Marissa', '***', '***', 'jawa barat', 'Bandung', '***', '***', 'Bandung', '***', '***', '***', 'yes', NULL, '', '2016-06-02 17:27:54', '2016-06-02 23:59:26'),
(98, 'novicarurik@yahoo.com', '827ccb0eea8a706c4c34a16891f84e7b', 'Novica Maulidiasari', 'Rurik', 'Rurik', 'Rurik', 'Novica Maulidiasari', '***', 'Jalan Tukad Yeh Sungi', 'bali', 'Denpasar', '***', '***', 'Denpasar', '***', '***', '***', 'yes', NULL, '', '2016-06-02 17:30:10', '2016-06-02 23:59:39'),
(99, 'hello.kimiindonesia@gmail.com', '827ccb0eea8a706c4c34a16891f84e7b', 'Kimi', 'Kimi', 'Kimi', 'Kimi', 'Kimi', '***', '***', 'jawa barat', 'Bandung', '***', '***', 'Bandung', '***', '***', '***', 'yes', NULL, '', '2016-06-02 17:38:25', '2016-06-02 23:59:50'),
(100, 'thequertyprojects@gmail.com', '827ccb0eea8a706c4c34a16891f84e7b', 'The Querty Projects', 'The Querty Projects', 'The Querty Projects', 'The Querty Projects', 'The Querty Projects', '***', '***', 'jawa barat', 'Bandung', '***', '***', 'Bandung', '***', '***', '***', 'yes', NULL, '', '2016-06-02 20:46:22', '2016-06-03 00:00:02'),
(101, 'generalculture@gmail.com', '827ccb0eea8a706c4c34a16891f84e7b', 'General Culture', 'General Culture', 'General Culture', 'General Culture', 'General Culture', '***', '***', 'jawa barat', 'Bandung', '***', '***', 'Bandung', '***', '***', '***', 'yes', NULL, '', '2016-06-02 20:47:57', '2016-06-03 00:00:12'),
(102, 'nayakumara@kidnapped-ally.com', '827ccb0eea8a706c4c34a16891f84e7b', 'Naya Kumara', 'Kidnapped Ally', 'Kidnapped Ally', 'Kidnapped Ally', 'Naya Kumara', '***', 'Ciledug Indah II Jalan Delima 1 no 8 Blok C/10', 'banten', 'Tangerang ', 'Karang Tengah ', '15159', 'Tangerang', '***', '***', '***', 'yes', NULL, '', '2016-06-02 21:18:35', '2016-06-03 00:00:23'),
(103, 'contact.kamandani@gmail.com', '827ccb0eea8a706c4c34a16891f84e7b', 'Kamandani', 'Kamandani', 'Kamandani', 'Kamandani', 'Kamandani', '***', '***', 'jawa barat', 'Bandung', '***', '***', 'Bandung', '***', '***', '***', 'yes', NULL, '', '2016-06-02 21:21:21', '2016-06-03 00:00:35'),
(104, 'upsidedownshoes@yahoo.com', '827ccb0eea8a706c4c34a16891f84e7b', 'UpsideDown', 'UpsideDown', 'UpsideDown', 'UpsideDown', 'UpsideDown', '***', 'JAlan Ciliwung no 14 ', 'jawa barat', 'Bandung', '***', '***', 'Bandung', '***', '***', '***', 'yes', NULL, '', '2016-06-02 23:35:38', '2016-06-03 00:00:47'),
(105, 'aglaebowtique@gmail.com', '827ccb0eea8a706c4c34a16891f84e7b', 'Aglaehouse', 'Aglaehouse', 'Aglaehouse', 'Aglaehouse', 'Aglaehouse', '***', '***', 'jawa barat', 'Bandung', '***', '***', 'Bandung', '***', '***', '***', 'yes', NULL, '', '2016-06-03 00:23:20', '2016-06-03 07:25:47'),
(106, 'daaveyjones@gmail.com', '827ccb0eea8a706c4c34a16891f84e7b', 'M Togaf G', 'Daaveyjones', 'Daaveyjones', 'Daaveyjones', 'Daaveyjones', '***', '***', 'jawa barat', 'Bandung', '***', '***', 'Bandung', '***', '***', '***', 'yes', NULL, '', '2016-06-03 07:39:14', '2016-06-03 11:36:41'),
(107, 'avocadoshoes@gmail.com', '827ccb0eea8a706c4c34a16891f84e7b', 'Avocado', 'AVOCADO', 'AVOCADO', 'AVOCADO', 'Avocado', '***', '***', 'jawa barat', 'Bandung', '***', '***', 'Bandung', '***', '***', '***', 'yes', NULL, '', '2016-06-03 07:40:35', '2016-06-03 08:20:15'),
(108, 'dst_store@yahoo.com', '827ccb0eea8a706c4c34a16891f84e7b', 'Desita Novianti', 'DST', 'DST', 'DST', 'Desita Novianti', '***', '***', 'jawa barat', 'Bandung', '***', '***', 'Bandung', '***', '***', '***', 'yes', NULL, '', '2016-06-03 07:41:57', '2016-06-03 11:36:52'),
(109, 'mosmaze@gmail.com', '827ccb0eea8a706c4c34a16891f84e7b', 'Mosmaze', 'Mosmaze', 'Mosmaze', 'Mosmaze', 'Mosmaze', '***', '***', 'jawa barat', 'Bandung', '***', '***', 'Bandung', '***', '***', '***', 'yes', NULL, '', '2016-06-03 07:43:12', '2016-06-03 11:37:03'),
(110, 'zaveraindonesia@gmail.com', '827ccb0eea8a706c4c34a16891f84e7b', 'Zavera', 'Zavera', 'Zavera', 'Zavera', 'Zavera', '***', '***', 'jawa barat', 'Bandung', '***', '***', 'Bandung', '***', '***', '***', 'yes', NULL, '', '2016-06-03 07:45:26', '2016-06-03 11:37:15'),
(111, 'autre@gmail.com', '827ccb0eea8a706c4c34a16891f84e7b', 'Autre', 'Autre', 'Autre', 'Autre', 'Autre', '***', '***', 'jawa barat', 'Bandung', '***', '***', 'Bandung', '***', '***', '***', 'yes', NULL, '', '2016-06-03 07:46:40', '2016-06-03 11:37:26'),
(112, 'clevinashoes@gmail.com', '827ccb0eea8a706c4c34a16891f84e7b', 'Clevina Shoes', 'Clevina Shoes', 'Clevina Shoes', 'Clevina Shoes', 'Clevina Shoes', '***', '***', 'jawa barat', 'Bandung', '***', '***', 'Bandung', '***', '***', '***', 'yes', NULL, '', '2016-06-03 07:48:27', '2016-06-03 11:37:42'),
(113, 'iiikndleathergoods@gmail.com', '827ccb0eea8a706c4c34a16891f84e7b', 'iiiknd', 'iiiknd', 'iiiknd', 'iiiknd', 'iiiknd', '***', '***', 'jawa barat', 'Bandung', '***', '***', 'Bandung', '***', '***', '***', 'yes', NULL, '', '2016-06-03 07:52:09', '2016-06-03 11:37:52'),
(114, 'azuraistafada@yahoo.com', '827ccb0eea8a706c4c34a16891f84e7b', 'Talistha Axura Istafada Noor', 'Istafada', 'Istafada', 'Istafada', 'Talistha Axura Istafada Noor', '***', 'Jalan Guntur Madu no 16 ', 'jawa barat', 'Bandung', 'Turangga', '***', 'Bandung', '***', '***', '***', 'yes', NULL, '', '2016-06-03 07:53:56', '2016-06-03 11:38:03'),
(115, 'apsha@rocketmail.com', '827ccb0eea8a706c4c34a16891f84e7b', 'Apsha Aschwianda', 'Bowsha', 'Bowsha', 'Bowsha', 'Apsha Aschwianda', '***', 'Jalan Terusan Sersan Bajuri Km 5', 'jawa barat', 'Bandung', '***', '***', 'Bandung', '***', '***', '***', 'yes', NULL, '', '2016-06-03 07:55:27', '2016-06-03 11:38:13'),
(116, 'mlks_id@yahoo.com', '827ccb0eea8a706c4c34a16891f84e7b', 'Mlks', 'Mlks', 'Mlks', 'Mlks', 'Mlks', '***', '***', 'jawa barat', 'Bandung', '***', '***', 'Bandung', '***', '***', '***', 'yes', NULL, '', '2016-06-03 07:56:39', '2016-06-03 11:38:23'),
(117, 'portroyale@gmail.com', '827ccb0eea8a706c4c34a16891f84e7b', 'Port Royale', 'Port Royale', 'Port Royale', 'Port Royale', 'Port Royale', '***', 'Jalan Aceh no 41 ', 'jawa barat', 'Bandung', '***', '***', 'Bandung', '***', '***', '***', 'yes', NULL, '', '2016-06-03 07:58:31', '2016-06-03 11:38:34'),
(118, 'gemskids11@gmail.com', '827ccb0eea8a706c4c34a16891f84e7b', 'Gems Kids', 'Gems Kids', 'Gems Kids', 'Gems Kids', 'Gems Kids', '***', '***', 'jawa barat', 'Bandung', '***', '***', 'Bandung', '***', '***', '***', 'yes', NULL, '', '2016-06-03 07:59:59', '2016-06-03 11:38:45'),
(119, 'bearpathid@gmail.com', '827ccb0eea8a706c4c34a16891f84e7b', 'Bearpath', 'Bearpath', 'Bearpath', 'Bearpath', 'Bearpath', '***', 'Jalan Holis no 83', 'jawa barat', 'Bandung', '***', '***', 'Bandung', '***', '***', '***', 'yes', NULL, '', '2016-06-03 08:01:38', '2016-06-03 11:38:55'),
(120, 'happylittlepop@gmail.com', '827ccb0eea8a706c4c34a16891f84e7b', 'Happy Little Pop', 'Happy Little Pop', 'Happy Little Pop', 'Happy Little Pop', 'Happy Little Pop', '***', '***', 'jawa barat', 'Bandung', '***', '***', 'Bandung', '***', '***', '***', 'yes', NULL, '', '2016-06-03 08:02:56', '2016-06-03 11:39:07'),
(121, 'info@eclipse7shoes.com', '827ccb0eea8a706c4c34a16891f84e7b', 'Eclipse7shoes', 'Eclipse7shoes', 'Eclipse7shoes', 'Eclipse7shoes', 'Eclipse7shoes', '***', '***', 'jawa barat', 'Bandung', '***', '***', 'Bandung', '***', '***', '***', 'yes', NULL, '', '2016-06-03 08:04:48', '2016-06-03 11:39:18'),
(122, 'wallts@gmail.com', '827ccb0eea8a706c4c34a16891f84e7b', 'Wallts', 'Wallts', 'Wallts', 'Wallts', 'Wallts', '***', 'Jalan Hasan Saputra IV no 8B ', 'jawa barat', 'Bandung', 'Turangga', '***', 'Bandung', '***', '***', '***', 'yes', NULL, '', '2016-06-03 08:09:20', '2016-06-03 11:39:28'),
(123, 'kitc.store@gmail.com', '827ccb0eea8a706c4c34a16891f84e7b', 'Faidhan N. Noeman', 'KITC', 'KITC', 'KITC', 'Faidhan N. Noeman', '***', '***', 'jawa barat', 'Bandung', '***', '***', 'Bandung', '***', '***', '***', 'yes', NULL, '', '2016-06-03 08:11:01', '2016-06-03 11:39:38'),
(124, 'kanishalleen@gmail.com', '827ccb0eea8a706c4c34a16891f84e7b', 'Kanish Alleen', 'Kanish Alleen', 'Kanish Alleen', 'Kanish Alleen', 'Kanish Alleen', '***', '***', 'jawa barat', 'Bandung', '***', '***', 'Bandung', '***', '***', '***', 'yes', NULL, '', '2016-06-03 08:12:21', '2016-06-03 11:39:48'),
(125, 'gossamer@gmail.com', '827ccb0eea8a706c4c34a16891f84e7b', 'Gossamer', 'Gossamer', 'Gossamer', 'Gossamer', 'Gossamer', '***', '***', 'jawa barat', 'Bandung', '***', '***', 'Bandung', '***', '***', '***', 'yes', NULL, '', '2016-06-03 08:14:37', '2016-06-03 11:39:59'),
(126, 'booya.id@gmail.com', '827ccb0eea8a706c4c34a16891f84e7b', 'Boo-Ya! ', 'Boo-Ya! Socks', 'Boo-Ya! Socks', 'Boo-Ya! Socks', 'Boo-Ya! ', '***', '***', 'jawa barat', 'Bandung', '***', '***', 'Bandung', '***', '***', '***', 'yes', NULL, '', '2016-06-03 08:17:36', '2016-06-03 11:40:09'),
(127, 'lafstudio@gmail.com', '827ccb0eea8a706c4c34a16891f84e7b', 'lafgoods', 'lafgoods', 'lafgoods', 'lafgoods', 'lafgoods', '***', '***', 'jawa barat', 'Bandung', '***', '***', 'Bandung', '***', '***', '***', 'yes', NULL, '', '2016-06-03 08:19:05', '2016-06-03 11:40:19'),
(128, 'reihan@patentgoods.com', '827ccb0eea8a706c4c34a16891f84e7b', 'Reihan Hidayah', 'Patent Goods', 'Patent Goods', 'Patent Goods', 'Patent Goods', '***', '***', 'jawa barat', 'Bandung', '***', '***', 'Bandung', '***', '***', '***', 'yes', NULL, '', '2016-06-03 08:21:44', '2016-06-03 11:40:30'),
(129, 'noni.lusiasari@gmail.com', '827ccb0eea8a706c4c34a16891f84e7b', 'Noni Lusiasari', 'Meet The Kids', 'Meet The Kids', 'Meet The Kids', 'Noni Lusiasari', '***', '***', 'jawa barat', 'Bandung', '***', '***', 'Bandung', '***', '***', '***', 'yes', NULL, '', '2016-06-03 08:23:19', '2016-06-03 11:40:42'),
(130, 'roopacks.id@gmail.com', '827ccb0eea8a706c4c34a16891f84e7b', 'Roopacks', 'Roopacks', 'Roopacks', 'Roopacks', 'Roopacks', '***', '***', 'jawa barat', 'Bandung', '***', '***', 'Bandung', '***', '***', '***', 'yes', NULL, '', '2016-06-03 08:24:41', '2016-06-03 11:41:07'),
(131, 'magiconwhatever@gmail.com', '827ccb0eea8a706c4c34a16891f84e7b', 'Tamadara Hilman', 'Mow Kiddy', 'Mow Kiddy', 'Mow Kiddy', 'Mow Kiddy', '***', '***', 'jawa barat', 'Bandung', '***', '***', 'Bandung', '***', '***', '***', 'yes', NULL, '', '2016-06-03 08:26:07', '2016-06-03 11:42:10'),
(132, 'info@fylopremiumlabel.com', '827ccb0eea8a706c4c34a16891f84e7b', 'Heidi Laksana', 'Fylo', 'Fylo', 'Fylo', 'Heidi Laksana', '***', '***', 'jawa barat', 'Bandung', '***', '***', 'Bandung', '***', '***', '***', 'yes', NULL, '', '2016-06-03 08:27:30', '2016-06-03 11:42:21'),
(133, 'info@humblezing.com', '827ccb0eea8a706c4c34a16891f84e7b', 'Humblezing', 'Humblezing', 'Humblezing', 'Humblezing', 'Humblezing', '***', 'Jalan Yudhawastu Pramuka IV', 'jawa barat', 'Bandung', '***', '***', 'Bandung', '***', '***', '***', 'yes', NULL, '', '2016-06-03 08:29:02', '2016-06-03 11:42:33'),
(134, 'amblefootwear@gmail.com', '827ccb0eea8a706c4c34a16891f84e7b', 'Amble Foot Wear', 'Amble Foot Wear', 'Amble Foot Wear', 'Amble Foot Wear', 'Amble Foot Wear', '***', 'Jalan Sulaksana Baru IV No 8', 'jawa barat', 'Bandung', '***', '***', 'Bandung', '***', '***', '***', 'yes', NULL, '', '2016-06-03 08:30:51', '2016-06-03 11:42:43'),
(135, 'bagworkcompany@gmail.com', '827ccb0eea8a706c4c34a16891f84e7b', 'Adityo Sofyandi', 'Bagwork ', 'Bagwork ', 'Bagwork', 'Adityo Sofyandi', '***', 'Perumahan Muara Sari Muara Timur I Gang Saeful Ismail No 278', 'jawa barat', 'Bandung', '***', '***', 'Bandung', '***', '***', '***', 'yes', NULL, '', '2016-06-03 08:32:50', '2016-06-03 11:42:55'),
(136, 'koolastuffa@gmail.com', '827ccb0eea8a706c4c34a16891f84e7b', 'Koola Stuffa', 'Koola Stuffa', 'Koola Stuffa', 'Koola Stuffa', 'Koola Stuffa', '***', '***', 'jawa barat', 'Bandung', '***', '***', 'Bandung', '***', '***', '***', 'yes', NULL, '', '2016-06-03 08:33:56', '2016-06-03 11:43:07'),
(137, 'info.public.culture@gmail.com', '827ccb0eea8a706c4c34a16891f84e7b', 'Public Culture', 'Public Culture', 'Public Culture', 'Public Culture', 'Public Culture', '***', 'Jalan Kramat Peta Raya No 42', 'jakarta', 'Jakarta Selatan', '***', '***', 'Jakarta Selatan', '***', '***', '***', 'yes', NULL, '', '2016-06-03 08:35:53', '2016-06-03 11:43:18'),
(138, 'info@pmpdenim.com', '827ccb0eea8a706c4c34a16891f84e7b', 'PMP Denim Store', 'PMP Denim Store', 'PMP Denim Store', 'PMP Denim Store', 'PMP Denim Store', '***', 'Jalan Bahureksa No 20', 'jawa barat', 'Bandung', '***', '***', 'Bandung', '***', '***', '***', 'yes', NULL, '', '2016-06-03 08:37:06', '2016-06-03 11:43:41'),
(139, 'marketing@13thshoes.com', '827ccb0eea8a706c4c34a16891f84e7b', 'Anggun Citra Wulandari', '13thshoes', '13thshoes', '13thshoes', '13thshoes', '***', 'Jalan Terusan Cisokan No. 100', 'jawa barat', 'Bandung', '***', '***', 'Bandung', '***', '***', '***', 'yes', NULL, '', '2016-06-03 08:38:49', '2016-06-03 11:40:56'),
(140, 'contact.mainstreet@gmail.com', '827ccb0eea8a706c4c34a16891f84e7b', 'Main Street', 'Main Street', 'Main Street', 'Main Street', 'Main Street', '***', '***', 'jawa barat', 'Bandung', '***', '***', 'Bandung', '***', '***', '***', 'yes', NULL, '', '2016-06-03 08:40:15', '2016-06-03 11:43:56'),
(141, 'information@vearstjeans.com', '827ccb0eea8a706c4c34a16891f84e7b', 'Verst Jeans Company', 'Verst Jeans Company', 'Verst Jeans Company', 'Verst Jeans Company', 'Verst Jeans Company', '***', 'Jalan Gambir Anom No. 28 Sukaluyu', 'jawa barat', 'Bandung', '***', '***', 'Bandung', '***', '***', '***', 'yes', NULL, '', '2016-06-03 08:41:48', '2016-06-03 11:44:07'),
(142, 'broodis@gmail.com', '827ccb0eea8a706c4c34a16891f84e7b', 'Broodis', 'Broodis', 'Broodis', 'Broodis', 'Broodis', '***', '***', 'jawa barat', 'Bandung', '***', '***', 'Bandung', '***', '***', '***', 'yes', NULL, '', '2016-06-03 08:42:49', '2016-06-03 11:44:17'),
(143, 'arezcompany@gmail.com', '827ccb0eea8a706c4c34a16891f84e7b', 'Galuh Kurnia Nurdiansyah', 'Arez Company', 'Arez Company', 'Arez Company', 'Galuh Kurnia Nurdiansyah', '***', 'Jalan Adenium Blok B No 14 Grandsharon Residence', 'jawa barat', 'Bandung', '***', '***', 'Bandung', '***', '***', '***', 'yes', NULL, '', '2016-06-03 12:08:33', '2016-06-03 12:13:38'),
(144, 'svperbiastore@gmail.com', '827ccb0eea8a706c4c34a16891f84e7b', 'SVPERBIA', 'SVPERBIA', 'SVPERBIA', 'SVPERBIA', 'SVPERBIA', '***', 'Jalan Sukaraja 2 No 15', 'jawa barat', 'Bandung', '***', '***', 'Bandung', '***', '***', '***', 'yes', NULL, '', '2016-06-03 12:10:04', '2016-06-03 12:21:30'),
(145, 'neatlybags@gmail.com', '827ccb0eea8a706c4c34a16891f84e7b', 'Natalia Wijaya', 'Neatly', 'Neatly', 'Neatly', 'Natalia Wijaya', '***', 'Jalan RE. Martadinata No 173 (Taman Pramuka)', 'jawa barat', 'Bandung', '***', '***', 'Bandung', '***', '***', '***', 'yes', NULL, '', '2016-06-03 12:11:49', '2016-06-03 12:21:41'),
(146, 'dappindonesia@gmail.com', '827ccb0eea8a706c4c34a16891f84e7b', 'DAPP Indonesia', 'DAPP Indonesia', 'DAPP Indonesia', 'DAPP Indonesia', 'DAPP Indonesia', '***', '***', 'jawa barat', 'Bandung', '***', '***', 'Bandung', '***', '***', '***', 'yes', NULL, '', '2016-06-03 12:13:12', '2016-06-03 12:21:52'),
(147, 'bertiga@gmail.com', '827ccb0eea8a706c4c34a16891f84e7b', 'Indah Permadi', 'Bertiga', 'Bertiga', 'Bertiga', 'Indah Permadi', '***', '***', 'jawa barat', 'Bandung', '***', '***', 'Bandung', '***', '***', '***', 'yes', NULL, '', '2016-06-03 12:15:34', '2016-06-03 12:22:03'),
(148, 'flamingredshop@yahoo.com', '827ccb0eea8a706c4c34a16891f84e7b', 'Flaming Go', 'Flaming Go', 'Flaming Go', 'Flaming Go', 'Flaming Go', 'Flaming Go', '***', 'jawa barat', 'Bandung', '***', '***', 'Bandung', '***', '***', '***', 'yes', NULL, '', '2016-06-03 12:17:38', '2016-06-03 12:22:14'),
(149, 'oetjok@yahoo.com', '827ccb0eea8a706c4c34a16891f84e7b', 'Robinson Nochles', 'Nymph', 'Nymph', 'Nymph', 'Robinson Nochles', '***', '***', 'jawa barat', 'Bandung', '***', '***', 'Bandung', '***', '***', '***', 'yes', NULL, '', '2016-06-03 12:19:04', '2016-06-03 12:22:25'),
(150, 'amithya.paramasatya@gmail.com', '827ccb0eea8a706c4c34a16891f84e7b', 'Amithya Paramasatya', 'Amita House', 'Amita House', 'Amita House', 'Amithya Paramasatya', '***', 'Jalan Cimanuk no 6', 'jawa barat', 'Bandung', '***', '***', 'Bandung', '***', '***', '***', 'yes', NULL, '', '2016-06-03 12:20:31', '2016-06-03 12:22:35'),
(151, 'info@tooidoll.com', '827ccb0eea8a706c4c34a16891f84e7b', 'Tooidoll', 'Tooidoll', 'Tooidoll', 'Tooidoll', 'Tooidoll', '***', '***', 'jakarta', 'Bandung', '***', '***', 'Bandung', '***', '***', '***', 'yes', NULL, '', '2016-06-03 12:24:59', '2016-06-03 13:17:37'),
(152, 'aninda.nazmi@gmail.com', '827ccb0eea8a706c4c34a16891f84e7b', 'Aninda Nazmi', 'Nazmi', 'Nazmi', 'Nazmi', 'Aninda Nazmi', '***', 'Jalan Cilaki No 15 ', 'jawa barat', 'Bandung', '***', '***', 'Bandung', '***', '***', '***', 'yes', NULL, '', '2016-06-03 12:26:29', '2016-06-03 13:17:45'),
(153, 'nzstrap@gmail.com', '827ccb0eea8a706c4c34a16891f84e7b', 'NZ Strap', 'NZ Strap', 'NZ Strap', 'NZ Strap', 'NZ Strap', '***', 'Taman Tengah Jalan Wira angun - angun No. 22', 'jawa barat', 'Bandung', '***', '***', 'Bandung', '***', '***', '***', 'yes', NULL, '', '2016-06-03 12:28:24', '2016-06-03 13:17:52'),
(154, 'lalune@gmail.com', '827ccb0eea8a706c4c34a16891f84e7b', 'La lune', 'La lune', 'La lune', 'La lune', 'La lune', '***', 'OOTD Store Fx Sudirman 4th Floor', 'jakarta', 'Jakarta', '***', '***', 'Jakarta Pusat', '***', '***', '***', 'yes', NULL, '', '2016-06-03 12:30:37', '2016-06-03 13:17:59'),
(155, 'nrsimha.clothing@gmail.com', '827ccb0eea8a706c4c34a16891f84e7b', 'NRSIMHA', 'NRSIMHA', 'NRSIMHA', 'NRSIMHA', 'NRSIMHA', '***', '***', 'jawa barat', 'Bandung', '***', '***', 'Bandung', '***', '***', '***', 'yes', NULL, '', '2016-06-03 12:32:01', '2016-06-03 13:18:07'),
(156, 'ineuur@gmail.com', '827ccb0eea8a706c4c34a16891f84e7b', 'Ineu Rahayu', 'Breezy', 'Breezy', 'Breezy', 'Ineu Rahayu', '***', '***', 'jawa barat', 'Bandung', '***', '***', 'Bandung', '***', '***', '***', 'yes', NULL, '', '2016-06-03 12:34:02', '2016-06-03 13:18:15'),
(157, 'iamshoes@gmail.com', '827ccb0eea8a706c4c34a16891f84e7b', 'IAMSHOES', 'IAMSHOES', 'IAMSHOES', 'IAMSHOES', 'IAMSHOES', '***', 'Jalan Turnojoyo No. 6 ', 'jawa barat', 'Bandung', '***', '***', 'Bandung', '***', '***', '***', 'yes', NULL, '', '2016-06-03 12:35:34', '2016-06-03 13:18:23'),
(158, 'popculine@gmail.com', '827ccb0eea8a706c4c34a16891f84e7b', 'Popculine', 'Popculine', 'Popculine', 'Popculine', 'Popculine', '***', '***', 'jawa barat', 'Bandung', '***', '***', 'Bandung', '***', '***', '***', 'yes', NULL, '', '2016-06-03 12:37:00', '2016-06-03 13:18:30');
INSERT INTO `merchant` (`id`, `email`, `password`, `name`, `shop_name`, `phone_number`, `company_name`, `person_in_charge`, `ic_number`, `address`, `province`, `city`, `district`, `postal_code`, `city_from`, `account_number`, `account_name`, `account_bank`, `is_accepted`, `activation_code`, `reset_password_code`, `created_at`, `updated_at`) VALUES
(159, 'duscha.id@gmail.com', '827ccb0eea8a706c4c34a16891f84e7b', 'Duscha', 'Duscha', 'Duscha', 'Duscha', 'Duscha', '***', '***', 'jawa barat', 'Bandung', '***', '***', 'Bandung', '***', '***', '***', 'yes', NULL, '', '2016-06-03 12:38:09', '2016-06-03 13:18:37'),
(160, 'ichafauziah1102@gmail.com', '827ccb0eea8a706c4c34a16891f84e7b', 'Riza Fauziah', 'Lokatara', 'Lokatara', 'Lokatara', 'Riza Fauziah', '***', '***', 'jawa barat', 'Bandung', '***', '***', 'Bandung', '***', '***', '***', 'yes', NULL, '', '2016-06-03 12:40:40', '2016-06-03 13:18:45'),
(161, 'cottoncloud.id@gmail.com', '827ccb0eea8a706c4c34a16891f84e7b', 'Cotton Cloud', 'Cotton Cloud', 'Cotton Cloud', 'Cotton Cloud', 'Cotton Cloud', '***', '***', 'jawa barat', 'Bandung', '***', '***', 'Bandung', '***', '***', '***', 'yes', NULL, '', '2016-06-03 12:41:49', '2016-06-03 13:18:52'),
(162, 'justmine@gmail.com', '827ccb0eea8a706c4c34a16891f84e7b', 'Just Mine', 'Just Mine', 'Just Mine', 'Just Mine', 'Just Mine', '***', 'Komp Royal View, Blok California No 9', 'jawa barat', 'Bandung Barat', 'Parompong', '***', 'Bandung Barat', '***', '***', '***', 'yes', NULL, '', '2016-06-03 12:43:28', '2016-06-03 13:19:02'),
(163, 'batikreunceum@yahoo.com', '827ccb0eea8a706c4c34a16891f84e7b', 'Reunceum', 'Reunceum', 'Reunceum', 'Reunceum', 'Reunceum', '***', '***', 'jawa barat', 'Bandung', '***', '***', 'Bandung', '***', '***', '***', 'yes', NULL, '', '2016-06-03 12:44:30', '2016-06-03 13:19:10'),
(164, 'batikgendu@gmail.com', '827ccb0eea8a706c4c34a16891f84e7b', 'Batik Gendu', 'Batik Gendu', 'Batik Gendu', 'Batik Gendu', 'Batik Gendu', '***', '***', 'jawa barat', 'Bandung', '***', '***', 'Bandung', '***', '***', '***', 'yes', NULL, '', '2016-06-03 12:46:59', '2016-06-03 13:19:17'),
(165, 'volkfy@gmail.com', '827ccb0eea8a706c4c34a16891f84e7b', 'Volfky', 'Volfky', 'Volfky', 'Volfky', 'Volfky', '***', '***', 'jawa barat', 'Bandung', '***', '***', 'Bandung', '***', '***', '***', 'yes', NULL, '', '2016-06-03 12:50:43', '2016-06-03 13:19:27'),
(166, 'evolvere@gmail.com', '827ccb0eea8a706c4c34a16891f84e7b', 'Evolvere', 'Evolvere', 'Evolvere', 'Evolvere', 'Evolvere', '***', '***', 'jawa barat', 'Bandung', '***', '***', 'Bandung', '***', '***', '***', 'yes', NULL, '', '2016-06-03 12:51:58', '2016-06-03 13:19:34'),
(167, 'avaraindonesia@gmail.com', '827ccb0eea8a706c4c34a16891f84e7b', 'Avara', 'Avara', 'Avara', 'Avara', 'Avara', '***', '***', 'jawa barat', 'Bandung', '***', '***', 'Bandung', '***', '***', '***', 'yes', NULL, '', '2016-06-03 12:54:09', '2016-06-03 13:19:41'),
(168, 'mayoufit@gmail.com', '827ccb0eea8a706c4c34a16891f84e7b', 'Mayoufit', 'Mayoufit', 'Mayoufit', 'Mayoufit', 'Mayoufit', '***', 'Jalan Gegerkalong Hilir No 9 ', 'jawa barat', 'Bandung', '***', '***', 'Bandung', '***', '***', '***', 'yes', NULL, '', '2016-06-03 13:03:15', '2016-06-03 13:19:50'),
(169, 'acidwerk88@yahoo.com', '827ccb0eea8a706c4c34a16891f84e7b', 'Acidwerk ', 'Acidwerk ', 'Acidwerk ', 'Acidwerk ', 'Acidwerk ', '***', 'Jalan R.E. Martadinata (Riau) No. 27 ', 'jawa barat', 'Bandung', '***', '***', 'Bandung', '***', '***', '***', 'yes', NULL, '', '2016-06-03 13:05:07', '2016-06-03 13:19:59'),
(170, 'AndriPatrickInsom28@yahoo.com', '827ccb0eea8a706c4c34a16891f84e7b', 'Andri Patrick', 'Andri Patrick Insom', 'Andri Patrick Insom', 'Andri Patrick Insom', 'Andri Patrick ', '***', 'AndriPatrickInsom28@yahoo.com', 'jawa barat', 'Bandung', '***', '***', 'Bandung', '***', '***', '***', 'yes', NULL, '', '2016-06-03 13:06:36', '2016-06-03 13:20:06'),
(171, 'ranynurmaya85@gmail.com', '827ccb0eea8a706c4c34a16891f84e7b', 'Rany Ali Nurmaya', 'Maharany', 'Maharany', 'Maharany', 'Rany Ali Nurmaya', '***', 'Jalan Pacuan Kuda 1 No 41 ', 'jawa barat', 'Bandung', 'Arcamanik', '***', 'Bandung', '***', '***', '***', 'yes', NULL, '', '2016-06-03 13:09:14', '2016-06-03 13:20:13'),
(172, 'cvabadijaya01@gmail.com', '827ccb0eea8a706c4c34a16891f84e7b', 'CV. Abadi Jaya', 'Lesly', 'Lesly', 'CV. Abadi Jaya', 'CV. Abadi Jaya', '***', 'Komp Sumber Sari Indah Jalan Sumber Endah Kav 31/25', 'jawa barat', 'Bandung', '***', '***', 'Bandung', '***', '***', '***', 'yes', NULL, '', '2016-06-03 13:12:43', '2016-06-03 13:20:20'),
(173, 'wreckingball@gmail.com', '827ccb0eea8a706c4c34a16891f84e7b', 'Wrecking Ball Brand', 'Wrecking Ball Brand', 'Wrecking Ball Brand', 'Wrecking Ball Brand', 'Wrecking Ball Brand', '***', '***', 'jawa barat', 'Bandung', '***', '***', 'Bandung', '***', '***', '***', 'yes', NULL, '', '2016-06-03 13:14:24', '2016-06-03 13:20:29'),
(174, 'fuelworx@gmail.com', '827ccb0eea8a706c4c34a16891f84e7b', 'FuelworX', 'FuelworX', 'FuelworX', 'FuelworX', 'FuelworX', '***', 'Atlas Raya 19 Terusan Jalan Jakarta ', 'jawa barat', 'Bandung', '***', '***', 'Bandung', '***', '***', '***', 'yes', NULL, '', '2016-06-03 13:24:00', '2016-06-03 13:29:54'),
(175, 'azura.superheroes@gmail.com', '827ccb0eea8a706c4c34a16891f84e7b', 'AZURA', 'AZURA', 'AZURA', 'AZURA', 'AZURA', '***', '***', 'jawa barat', 'Bandung', '***', '***', 'Bandung', '***', '***', '***', 'yes', NULL, '', '2016-06-03 13:27:04', '2016-06-03 13:30:06'),
(176, 'dailyknit.id@gmail.com', '827ccb0eea8a706c4c34a16891f84e7b', 'Dailyknit', 'Dailyknit', 'Dailyknit', 'Dailyknit', 'Dailyknit', '***', '***', 'jawa barat', 'Bandung', '***', '***', 'Bandung', '***', '***', '***', 'yes', NULL, '', '2016-06-03 13:27:59', '2016-06-03 13:30:15'),
(177, 'parapara.shoes@yahoo.com', '827ccb0eea8a706c4c34a16891f84e7b', 'PARA PARA', 'PARA PARA', 'PARA PARA', 'PARA PARA', 'PARA PARA', '***', '***', 'jawa barat', 'Bandung', '***', '***', 'Bandung', '***', '***', '***', 'yes', NULL, '', '2016-06-03 13:29:25', '2016-06-03 13:30:23'),
(178, 'boxout.store@gmail.com', '827ccb0eea8a706c4c34a16891f84e7b', 'Box Out', 'Box Out', 'Box Out', 'Box Out', 'Box Out', '***', '***', 'jawa barat', 'Bandung', '***', '***', 'Bandung', '***', '***', '***', 'yes', NULL, '', '2016-06-03 17:05:55', '2016-06-03 17:33:20'),
(179, 'info@miroirstore.com', '827ccb0eea8a706c4c34a16891f84e7b', 'miroirstore', 'miroirstore', 'miroirstore', 'miroirstore', 'miroirstore', '***', 'Bumi sambara no.10 ', 'jakarta', 'Bandung', 'Babakan Loa', '***', 'Aceh Barat', '***', '***', '***', 'yes', NULL, '', '2016-06-03 17:20:37', '2016-06-03 17:33:30'),
(180, 'nirma.chairani@yahoo.com', '827ccb0eea8a706c4c34a16891f84e7b', 'Nirma', 'Miomiku', 'Miomiku', 'Miomiku', 'Nirma', '***', 'Jalan Mars Utara I No. 22', 'jawa barat', 'Bandung', 'Margahayu Raya', '***', 'Bandung', '1300011286021', 'Nirma Chairani', 'Mandiri', 'yes', NULL, '', '2016-06-07 09:53:43', '2016-06-07 09:55:45'),
(182, 'formen@gmail.com', '827ccb0eea8a706c4c34a16891f84e7b', 'ForMen', 'ForMen', 'ForMen', 'ForMen', 'ForMen', 'ForMen', 'Dago No. 14', 'jawa barat', 'Bandung', '*', '*', 'Bandung', '*', '*', '*', 'yes', NULL, '', '2016-09-28 04:33:09', '2016-09-28 04:33:28'),
(183, 'gudangjambandung@gmail.com', '827ccb0eea8a706c4c34a16891f84e7b', 'Gudang Jam', 'Gudang Jam', 'Gudang Jam', 'Gudang Jam', 'Gudang Jam', '*', 'Jl. Ternate no.29 / Riau no.18  Seberang RS. Limijati, Bandung', 'jawa barat', 'Bandung', '*', '*', 'Bandung', '*', '*', '*', 'yes', NULL, '', '2016-10-01 21:16:05', '2016-10-01 21:16:41'),
(186, 'devel_1@gmail.com', '0192023a7bbd73250516f069df18b500', 'developer', 'developer shop', '083821368000', 'PT.Devel1', 'devel', '99', 'jl. devel 99', 'Jawa Barat', 'Bandung', '-', '50125', 'Bandung', '8320041814', 'Devel Account', 'Bank Devel', 'yes', NULL, '', '2016-10-04 00:00:00', '2016-10-04 00:00:00'),
(187, 'sunflower@gmail.com', '827ccb0eea8a706c4c34a16891f84e7b', 'Sunflower', 'Sunflower', 'Sunflower', 'Sunflower', 'Sylvia Ranita', '*', 'Jl. Kopo No. 29 Bandung - 40242', 'jawa barat', 'Bandung', '*', '*', 'Bandung', '1763001435', 'Lie Kwan Din', 'BCA', 'yes', NULL, '', '2016-10-14 10:33:17', '2016-10-14 10:34:08'),
(188, 'sfasfasf@g', NULL, 'Ibu dj', 'a', 'a', 'a', 'a', '12312', 'dssdgdg', 'jakarta', 'gdg', 'dasfs', '1324234', 'Aceh Barat', '41241234', 'sdasds', 'sas', 'pending', NULL, '', '2016-11-28 10:50:56', '2016-11-28 10:50:56');

-- --------------------------------------------------------

--
-- Table structure for table `merchant_detail`
--

CREATE TABLE IF NOT EXISTS `merchant_detail` (
  `id` int(11) NOT NULL,
  `merchant_id` int(11) NOT NULL DEFAULT '0',
  `name` varchar(255) NOT NULL,
  `shop_name` varchar(255) NOT NULL,
  `phone_number` varchar(255) NOT NULL,
  `email` varchar(255) NOT NULL,
  `company_name` varchar(255) NOT NULL,
  `person_in_charge` varchar(255) NOT NULL,
  `ic_number` varchar(255) NOT NULL,
  `address` varchar(255) NOT NULL,
  `province` varchar(255) NOT NULL,
  `city` varchar(255) NOT NULL,
  `district` varchar(255) NOT NULL,
  `postal_code` varchar(255) NOT NULL,
  `city_from` varchar(255) NOT NULL,
  `account_number` varchar(255) NOT NULL,
  `account_name` varchar(255) NOT NULL,
  `account_bank` varchar(255) NOT NULL,
  `is_accepted` enum('yes','no','declined','') NOT NULL DEFAULT 'no',
  `created_at` datetime NOT NULL,
  `updated_at` datetime NOT NULL
) ENGINE=MyISAM AUTO_INCREMENT=8 DEFAULT CHARSET=latin1;

-- --------------------------------------------------------

--
-- Table structure for table `message`
--

CREATE TABLE IF NOT EXISTS `message` (
  `id` int(11) NOT NULL,
  `user_id` int(11) NOT NULL,
  `merchant_id` int(11) NOT NULL,
  `content` varchar(255) NOT NULL,
  `is_read` enum('yes','no','','') DEFAULT 'no',
  `created_at` datetime NOT NULL,
  `updated_at` datetime NOT NULL
) ENGINE=MyISAM AUTO_INCREMENT=2 DEFAULT CHARSET=latin1;

--
-- Dumping data for table `message`
--

INSERT INTO `message` (`id`, `user_id`, `merchant_id`, `content`, `is_read`, `created_at`, `updated_at`) VALUES
(1, 17, 1, 'asdasd', 'no', '0000-00-00 00:00:00', '0000-00-00 00:00:00');

-- --------------------------------------------------------

--
-- Table structure for table `mlm`
--

CREATE TABLE IF NOT EXISTS `mlm` (
  `id` int(11) NOT NULL,
  `upline_id` int(11) NOT NULL,
  `downline_id` int(11) NOT NULL,
  `created_at` datetime NOT NULL,
  `updated_at` datetime NOT NULL
) ENGINE=MyISAM AUTO_INCREMENT=39 DEFAULT CHARSET=latin1;

-- --------------------------------------------------------

--
-- Table structure for table `mlm_detail`
--

CREATE TABLE IF NOT EXISTS `mlm_detail` (
  `id` int(11) NOT NULL,
  `mlm_id` int(11) NOT NULL,
  `transaction_id` int(11) NOT NULL,
  `mlm_level` int(11) NOT NULL,
  `created_at` datetime NOT NULL,
  `updated_at` datetime NOT NULL
) ENGINE=MyISAM DEFAULT CHARSET=latin1;

-- --------------------------------------------------------

--
-- Table structure for table `mlm_level`
--

CREATE TABLE IF NOT EXISTS `mlm_level` (
  `id` int(11) NOT NULL,
  `sale_percentage` int(11) NOT NULL,
  `bonus_percentage` int(11) NOT NULL,
  `created_at` datetime NOT NULL,
  `updated_at` datetime NOT NULL
) ENGINE=MyISAM AUTO_INCREMENT=5 DEFAULT CHARSET=latin1;

-- --------------------------------------------------------

--
-- Table structure for table `mlm_merchant`
--

CREATE TABLE IF NOT EXISTS `mlm_merchant` (
  `id` int(11) NOT NULL,
  `transaction_detail_id` int(11) NOT NULL,
  `merchant_id` int(11) NOT NULL,
  `percentage` int(11) NOT NULL,
  `created_at` datetime NOT NULL,
  `updated_at` datetime NOT NULL
) ENGINE=InnoDB AUTO_INCREMENT=12 DEFAULT CHARSET=latin1;

--
-- Dumping data for table `mlm_merchant`
--

INSERT INTO `mlm_merchant` (`id`, `transaction_detail_id`, `merchant_id`, `percentage`, `created_at`, `updated_at`) VALUES
(1, 11, 182, 10, '2016-12-12 02:33:38', '2016-12-12 02:33:38'),
(2, 21, 1, 8, '2016-12-12 02:34:42', '2016-12-12 02:34:42'),
(3, 4, 1, 10, '2016-12-12 02:37:54', '2016-12-12 02:37:54'),
(4, 21, 1, 8, '2016-12-12 03:44:56', '2016-12-12 03:44:56'),
(5, 1, 1, 10, '2016-12-12 03:50:50', '2016-12-12 03:50:50'),
(6, 1, 1, 10, '2016-12-12 18:09:18', '2016-12-12 18:09:18'),
(7, 11, 1, 10, '2016-12-18 17:40:04', '2016-12-18 17:40:04'),
(8, 13, 1, 10, '2016-12-18 18:21:46', '2016-12-18 18:21:46'),
(9, 1, 1, 10, '2016-12-26 09:44:54', '2016-12-26 09:44:54'),
(10, 1, 1, 10, '2016-12-26 09:47:11', '2016-12-26 09:47:11'),
(11, 2, 1, 10, '2016-12-26 09:49:45', '2016-12-26 09:49:45');

-- --------------------------------------------------------

--
-- Table structure for table `mlm_user`
--

CREATE TABLE IF NOT EXISTS `mlm_user` (
  `id` int(11) NOT NULL,
  `transaction_id` int(11) NOT NULL,
  `transaction_detail_id` int(11) NOT NULL,
  `user_id_from` int(11) NOT NULL,
  `user_id_to` int(11) NOT NULL,
  `amount` double NOT NULL,
  `created_at` datetime NOT NULL,
  `updated_at` datetime NOT NULL
) ENGINE=InnoDB DEFAULT CHARSET=latin1;

-- --------------------------------------------------------

--
-- Table structure for table `product`
--

CREATE TABLE IF NOT EXISTS `product` (
  `id` int(11) NOT NULL,
  `merchant_id` int(11) NOT NULL,
  `category_id` int(11) NOT NULL,
  `name` varchar(255) NOT NULL,
  `price` int(11) NOT NULL,
  `quantity` int(11) NOT NULL,
  `weight` int(11) NOT NULL,
  `discount` int(11) DEFAULT NULL,
  `discount_date_start` date DEFAULT NULL,
  `discount_date_end` date DEFAULT NULL,
  `brand` varchar(255) NOT NULL,
  `description` varchar(255) NOT NULL,
  `val_description` text NOT NULL,
  `image_link` varchar(255) NOT NULL,
  `is_active` enum('yes','no','','') DEFAULT 'no',
  `is_insurance` enum('yes','no','','') NOT NULL DEFAULT 'no',
  `viewed` int(11) NOT NULL DEFAULT '0',
  `created_at` datetime NOT NULL,
  `updated_at` datetime NOT NULL,
  `size` varchar(255) DEFAULT NULL,
  `color` varchar(255) DEFAULT NULL
) ENGINE=MyISAM AUTO_INCREMENT=212 DEFAULT CHARSET=latin1;

--
-- Dumping data for table `product`
--

INSERT INTO `product` (`id`, `merchant_id`, `category_id`, `name`, `price`, `quantity`, `weight`, `discount`, `discount_date_start`, `discount_date_end`, `brand`, `description`, `val_description`, `image_link`, `is_active`, `is_insurance`, `viewed`, `created_at`, `updated_at`, `size`, `color`) VALUES
(20, 1, 37, 'Kemeja Kotak ', 250000, 1, 100, 20, '2016-04-11', '2016-04-17', 'WATCHOUT', '-', '', 'public/images/merchant_product/20161208211051_1_20_IMG_4421-min.jpg', 'yes', 'no', 302, '2016-06-30 19:07:17', '2016-12-27 13:40:53', 'All Size', 'Orange'),
(19, 1, 37, 'Kemeja ', 250000, 1, 100, 0, '2016-04-11', '2016-04-17', 'WATCHOUT', '\n				<strong>Deskripsi</strong>\n				<table class=''table''>\n				<tr>\n				<td>Panjang Lengan</td>\n				<td>20 cm</td>\n				</tr>\n				\n				<tr>\n				<td>Lingkar Dada</td>\n				<td>20 cm</td>\n				</tr>\n				</table>', '\n				<label>Panjang Lengan</label>\n				<div class=''input-group''>\n				<input type=''text'' class=''form-control'' name=''description[]'' value=''20'' placeholder=''Masukkan Panjang Lengan'' required/>\n				<input type=''hidden'' class=''form-control'' name=''jenis_description[]'' value=''Panjang Lengan''/>\n				<input type=''hidden'' class=''form-control'' name=''satuan[]'' value=''20 cm''/>\n				<span class=''input-group-addon''>cm</span>\n				</div>\n				<br/>\n				\n				<label>Lingkar Dada</label>\n				<div class=''input-group''>\n				<input type=''text'' class=''form-control'' name=''description[]'' value=''20'' placeholder=''Masukkan Lingkar Dada'' required/>\n				<input type=''hidden'' class=''form-control'' name=''jenis_description[]'' value=''Lingkar Dada''/>\n				<input type=''hidden'' class=''form-control'' name=''satuan[]'' value=''20 cm''/>\n				<span class=''input-group-addon''>cm</span>\n				</div>\n				<br/>\n				', 'public/images/merchant_product/20161208210759_1_19_IMG_4401-min.jpg', 'yes', 'no', 183, '2016-06-30 19:03:09', '2016-12-26 11:15:50', '0', 'Hitam'),
(17, 1, 39, 'Jaket Hitam', 500000, 1, 100, 0, '2016-04-11', '2016-04-17', 'WATCHOUT', '-', '', 'public/images/merchant_product/20161208205432_1_17_IMG_4365-min.jpg', 'yes', 'no', 270, '2016-06-30 18:54:49', '2016-12-27 13:35:10', 'All Size', 'Hitam'),
(16, 1, 16, 'Baju Koko', 350000, 2, 100, 0, '2016-04-11', '2016-04-17', 'WATCHOUT', '0', '0', 'public/images/merchant_product/20161208205329_1_16_IMG_4388-min.jpg', 'yes', 'no', 89, '2016-06-30 18:47:54', '2016-12-26 20:04:07', '0', 'Putih'),
(21, 1, 37, 'Kemeja ', 250000, 1, 100, 0, '2016-04-11', '2016-04-17', 'WATCHOUT', '-', '', 'public/images/merchant_product/20161208211845_1_21_IMG_4408-min.jpg', 'yes', 'no', 83, '2016-06-30 19:14:31', '2016-12-11 14:37:58', 'All Size', 'Biru'),
(34, 1, 31, 'Gamis ', 250000, 1, 100, 0, '2016-04-11', '2016-04-17', 'Triset', '-', '', 'public/images/merchant_product/20161208213759_1_34_IMG_4491-min (1).jpg', 'yes', 'no', 89, '2016-07-06 10:45:35', '2016-12-18 03:45:40', 'All Size', 'Merah'),
(25, 1, 16, 'Baju Koko', 250000, 1, 100, 0, '2016-04-11', '2016-04-17', 'WATCHOUT', '-', '', 'public/images/merchant_product/20161208212030_1_25_IMG_4451-min.jpg', 'yes', 'no', 96, '2016-06-30 19:29:06', '2016-12-08 21:20:30', 'All Size', 'Hitam'),
(26, 1, 31, 'T-Shirt', 250000, 1, 100, 0, '2016-04-11', '2016-04-17', 'Triset', '-', '', 'public/images/merchant_product/20161208212613_1_26_IMG_4507-min.jpg', 'yes', 'no', 98, '2016-06-30 19:39:59', '2016-12-18 18:01:35', 'All Size', 'Kuning'),
(27, 1, 8, 'Gamis ', 250000, 1, 100, 0, '2016-04-11', '2016-04-17', 'Triset', '-', '', 'public/images/merchant_product/20161208212818_1_27_IMG_4473-min.jpg', 'yes', 'no', 89, '2016-06-30 19:45:03', '2016-12-11 18:03:06', 'All SIze', 'Merah'),
(28, 1, 31, 'Kemeja Kotak ', 250000, 1, 100, 0, '2016-04-11', '2016-04-17', 'Triset', '-', '', 'public/images/merchant_product/20161208213730_1_28_IMG_4482.jpg', 'yes', 'no', 226, '2016-06-30 19:51:47', '2016-12-26 19:33:30', 'All Size', 'Biru'),
(33, 1, 31, 'Jaket', 500000, 1, 100, 0, '2016-04-11', '2016-04-17', 'Triset', '-', '', 'public/images/merchant_product/20161208213440_1_33_IMG_4459-min.jpg', 'yes', 'no', 78, '2016-07-06 10:42:18', '2016-12-11 14:52:08', 'All Size', 'Krem'),
(36, 1, 31, 'Overall', 350000, 1, 100, 0, '2016-04-11', '2016-04-17', 'Triset', '-', '', 'public/images/merchant_product/20161208214935_1_36_IMG_4470-min.jpg', 'yes', 'no', 77, '2016-07-06 11:11:50', '2016-12-09 08:38:12', 'All Size', 'Biru'),
(35, 1, 8, 'Gamis ', 250000, 1, 100, 10, '2016-12-08', '2016-12-16', 'Triset', '-', '', 'public/images/merchant_product/20161208214218_1_35_IMG_4498-min.jpg', 'yes', 'no', 82, '2016-07-06 11:04:52', '2016-12-08 22:57:17', 'All Size', 'Hijau'),
(37, 1, 8, 'Gamis', 250000, 1, 100, 0, '2016-04-11', '2016-04-17', 'Triset', '-', '', 'public/images/merchant_product/20160706112223_1_37_IMG_4510.JPG', 'yes', 'no', 74, '2016-07-06 11:22:23', '2016-12-01 20:06:15', 'All Size', 'Ungu'),
(38, 1, 31, 'T-shirt', 250000, 1, 100, 0, '2016-04-11', '2016-04-17', 'Triset', '-', '', 'public/images/merchant_product/20160706135219_1_38_IMG_4525.JPG', 'yes', 'no', 75, '2016-07-06 13:52:19', '2016-12-06 23:05:20', 'All Size', 'Abu'),
(39, 1, 31, 'T-shirt garis', 250000, 1, 100, 0, '2016-04-11', '2016-04-17', 'Triset', '-', '', 'public/images/merchant_product/20160706155601_1_39_IMG_4534.JPG', 'yes', 'no', 96, '2016-07-06 15:56:01', '2016-12-10 15:10:25', 'All Size', 'Corak'),
(40, 1, 32, 'Celana panjang ', 250000, 1, 100, 0, '2016-04-11', '2016-04-17', 'Triset', '-', '', 'public/images/merchant_product/20160706155703_1_40_IMG_4624.JPG', 'yes', 'no', 99, '2016-07-06 15:57:03', '2016-12-10 15:10:28', 'All Size', 'Pink'),
(41, 1, 31, 'T-shirt', 250000, 1, 100, 0, '2016-04-11', '2016-04-17', 'Triset', '-', '', 'public/images/merchant_product/20160706160340_1_41_IMG_4527.JPG', 'yes', 'no', 77, '2016-07-06 16:03:40', '2016-12-01 20:05:55', 'All Size', 'Putih'),
(42, 1, 31, 'Overall kotak', 350000, 1, 100, 0, '2016-04-11', '2016-04-17', 'Triset', '-', '', 'public/images/merchant_product/20160706160557_1_42_IMG_4557.JPG', 'yes', 'no', 76, '2016-07-06 16:05:57', '2016-12-06 17:16:29', 'All Size', 'Pink'),
(43, 1, 31, 'Blue', 350000, 1, 100, 0, '2016-04-11', '2016-04-17', 'Triset', '- ', '', 'public/images/merchant_product/20160706161119_1_43_IMG_4563.JPG', 'yes', 'no', 91, '2016-07-06 16:11:19', '2016-12-09 15:19:41', 'All Size', 'Biru Dongker'),
(44, 1, 31, 'T-shirt', 250000, 1, 100, 0, '2016-04-11', '2016-04-17', 'Triset', '-', '', 'public/images/merchant_product/20160706161432_1_44_IMG_4592.JPG', 'yes', 'no', 94, '2016-07-06 16:14:32', '2016-12-09 15:19:56', 'All Size', 'Biru'),
(45, 1, 34, 'Rok', 250000, 1, 100, 0, '2016-04-11', '2016-04-17', 'Triset', '-', '', 'public/images/merchant_product/20161208210156_1_45_IMG_4640.jpg', 'yes', 'no', 97, '2016-07-07 09:06:00', '2016-12-08 21:01:56', 'All Size', 'Biru'),
(46, 1, 31, 'Overall', 250000, 1, 100, 0, '2016-04-11', '2016-04-17', 'Triset', '-', '', 'public/images/merchant_product/20160707091419_1_46_IMG_4541.JPG', 'yes', 'no', 80, '2016-07-07 09:14:19', '2016-12-06 08:28:13', 'All Size', 'Merah'),
(47, 1, 31, 'T-shirt', 250000, 1, 100, 0, '2016-04-11', '2016-04-17', 'Triset', '-', '', 'public/images/merchant_product/20160707114044_1_47_IMG_4570.JPG', 'yes', 'no', 127, '2016-07-07 11:40:44', '2016-12-06 01:27:33', 'All Size', 'Biru'),
(48, 1, 31, 'Kaos', 250000, 1, 100, 0, '2016-04-11', '2016-04-17', 'Triset', '-', '', 'public/images/merchant_product/20160707114349_1_48_IMG_4610.JPG', 'yes', 'no', 118, '2016-07-07 11:43:49', '2016-12-02 17:01:21', 'All Size', 'Orange'),
(49, 1, 31, 'T-shirt', 250000, 1, 100, 0, '2016-04-11', '2016-04-17', 'Triset', '-', '', 'public/images/merchant_product/20160707114754_1_49_IMG_4579.JPG', 'yes', 'no', 124, '2016-07-07 11:47:54', '2016-12-11 14:50:59', 'All SIze', 'Merah'),
(50, 1, 31, 'T-shirt', 250000, 1, 100, 0, '2016-04-11', '2016-04-17', 'Triset', '-', '', 'public/images/merchant_product/20160707120619_1_50_IMG_4586.JPG', 'yes', 'no', 107, '2016-07-07 12:06:19', '2016-12-11 14:51:03', 'All size', 'Orange'),
(51, 182, 37, 'Kemeja Corak', 225000, 1, 100, 0, '2016-04-11', '2016-04-17', 'ForMen', 'Lebar bahu 45cm\r\nPanjang 65 cm\r\nLingkar baju 94 cm\r\nLingkar lengan 36 cm', '', 'public/images/merchant_product/20161208152949_182_51_IMG_5058 copy.jpg', 'yes', 'no', 38, '2016-09-28 04:36:48', '2016-12-08 15:45:29', 'M', 'Hitam'),
(52, 182, 37, 'Kemeja lengan panjang CM', 175000, 1, 100, 0, '2016-04-11', '2016-04-17', 'ForMen', 'Lebar bahu 41 cm\r\nLingkar baju 96 cm\r\npanjang baju 68 cm\r\npanjang lengan 62 cm\r\nlingkar lengan 34 cm', '', 'public/images/merchant_product/20161208153112_182_52_kemeja4.jpg', 'yes', 'no', 33, '2016-09-28 12:05:54', '2016-12-08 21:06:24', 'M', 'Merah Maroon'),
(53, 182, 39, 'Jaket Hoodie', 190000, 1, 100, 0, '2016-04-11', '2016-04-17', 'ForMen', 'lebar bahu 51 cm\r\nLingkar lengan 40 cm\r\npanjang baju 66 cm\r\nlingkar perut 114 cm', '', 'public/images/merchant_product/20161208153323_182_53_hoodie4.jpg', 'yes', 'no', 34, '2016-09-28 14:12:22', '2016-12-08 21:06:19', 'M', 'Merah'),
(54, 182, 37, 'Tshirt abu', 125000, 1, 100, 0, '2016-04-11', '2016-04-17', 'ForMen', 'lebar bahu 44 cm\r\npanjang baju 65 cm\r\nlingkar badan 88 cm\r\nLingkar lengan 30 cm', '', 'public/images/merchant_product/20161208153542_182_54_kaos3_renamed_13065.jpg', 'yes', 'no', 33, '2016-09-28 14:35:08', '2016-12-10 15:07:37', 'M', 'Abu'),
(55, 182, 39, 'Jaket Kulit', 1500000, 1, 100, 0, '2016-04-11', '2016-04-17', 'ForMen', 'lebar bahu 43 cm\r\nlingkar badan 96 cm\r\npanjang lengan 59 cm\r\nlingkar lengan 15 cm\r\npanjang baju 61 cm', '', 'public/images/merchant_product/20161208153700_182_55_jaket4.jpg', 'yes', 'no', 26, '2016-09-28 15:55:09', '2016-12-08 15:37:00', 'M', 'Hitam'),
(56, 182, 37, 'Kaos Hitam', 125000, 1, 100, 0, '2016-04-11', '2016-04-17', 'ForMen', 'Lebar bahu 44 cm\r\nPanjang baju 65cm\r\nLingkar badan 88 cm\r\nLingkar lengan 30 cm', '', 'public/images/merchant_product/20161208153833_182_56_kaos3_renamed_30395.jpg', 'yes', 'no', 35, '2016-09-28 16:04:16', '2016-12-10 15:24:46', 'M', 'Hitam'),
(57, 182, 37, 'Tshirt putih', 125000, 1, 100, 0, '2016-04-11', '2016-04-17', 'ForMen', 'lebar bahu 44 cm\r\npanjang baju 65 cm\r\nlingkar badan 88 cm\r\nlingkar lengan 30 cm', '', 'public/images/merchant_product/20161208153936_182_57_kaos3_renamed_7043.jpg', 'yes', 'no', 31, '2016-09-28 16:18:30', '2016-12-09 08:39:31', 'M', 'Putih'),
(58, 182, 38, 'Celana pendek', 245000, 1, 100, 0, '2016-04-11', '2016-04-17', 'ForMen', 'lingkar pinggang 78 cm\r\npanjang celana 54 cm\r\nlingkar paha 54 cm', '', 'public/images/merchant_product/20161208155426_182_58_celana2.jpg', 'yes', 'no', 45, '2016-09-28 21:47:49', '2016-12-11 14:40:07', '32', 'Biru Dongker'),
(59, 182, 38, 'Celana panjang CM', 250000, 1, 100, 0, '2016-04-11', '2016-04-17', 'ForMen', 'lingkar pinggang 80 cm\r\nlingkar paha 45 cm\r\npanjang celana 102 cm', '', 'public/images/merchant_product/20161208154333_182_59_celanapjg2.jpg', 'yes', 'no', 35, '2016-09-28 22:19:45', '2016-12-08 15:43:33', '32', 'Hitam'),
(60, 182, 38, 'Celana panjang joger', 290000, 1, 100, 0, '2016-04-11', '2016-04-17', 'ForMen', 'Lingkar pinggang 78 cm\r\npanjang celana 100 cm\r\nLingkar paha 40 cm', '', 'public/images/merchant_product/20161208154503_182_60_jog4.jpg', 'yes', 'no', 46, '2016-09-28 22:31:45', '2016-12-11 14:49:13', '32', 'Biru Tua'),
(61, 182, 23, 'Kemeja Tangan Panjang', 325000, 1, 100, 0, '2016-04-11', '2016-04-17', 'ForMen BigSize', 'lebar bahu 53 cm\r\npanjang baju 78 cm\r\nlingkar badan 122 cm\r\nlingkar tangan 56 cm\r\npanjang tangan 67 cm', '', 'public/images/merchant_product/20161001120929_182_61_kemeja4.jpg', 'yes', 'no', 37, '2016-09-29 10:38:02', '2016-12-08 21:50:15', '2XL', 'Abu'),
(62, 182, 23, 'Kemeja Pendek', 225000, 1, 100, 0, '2016-04-11', '2016-04-17', 'ForMen BigSize', 'lebar bahu 60 cm\r\nlingkar badan 132 cm\r\npanjang baju 82 cm\r\nlingkar lengan 50 cm', '', 'public/images/merchant_product/20161001123345_182_62_merah4.jpg', 'yes', 'no', 35, '2016-09-29 10:50:49', '2016-12-08 03:37:38', '4XL', 'Merah Maroon'),
(63, 182, 23, 'Topi Koboi', 110000, 1, 100, 0, '2016-04-11', '2016-04-17', 'ForMen BigSize', 'All Size', '', 'public/images/merchant_product/20161001123916_182_63_topi4.jpg', 'yes', 'no', 34, '2016-09-29 10:52:16', '2016-12-01 20:07:00', '-', 'HItam'),
(67, 182, 23, 'Celana Panjang Jeans', 269000, 1, 100, 0, '2016-04-11', '2016-04-17', 'ForMen BigSize', 'Lingkar pinggang 108 cm\r\nLingkar paha 68 cm\r\nPanjang celana 110 cm', '', 'public/images/merchant_product/20161001124525_182_67_celanapjg.jpg', 'yes', 'no', 30, '2016-10-01 12:45:25', '2016-12-02 19:38:34', '42', 'HItam'),
(64, 182, 23, 'Kemeja Blue Note', 245000, 1, 100, 0, '2016-04-11', '2016-04-17', 'ForMen BigSize', 'lebar bahu 69 cm\r\nlingkar perut 198 cm\r\nlingkar lengan 64 cm\r\npanjang baju 67 cm', '', 'public/images/merchant_product/20161001124002_182_64_kotak4.JPG', 'yes', 'no', 35, '2016-09-29 11:15:36', '2016-12-01 20:07:06', '4XL', 'Merah'),
(65, 182, 23, 'Hoodie', 150000, 1, 100, 0, '2016-04-11', '2016-04-17', 'ForMen BigSize', 'lebar bahu 68 cm\r\nlingkar perut 164 cm\r\npanjang jaket 81 cm\r\npanjang lengan 71 cm\r\nlingkar lengan 54 cm', '', 'public/images/merchant_product/20161001124122_182_65_t4.jpg', 'yes', 'no', 44, '2016-09-29 11:23:06', '2016-12-05 14:18:40', '4XL', 'HItam'),
(100, 182, 25, 'Rantang', 300000, 1, 100, 0, '2016-04-11', '2016-04-17', 'ForMen', 'a', '', 'public/images/merchant_product/20161001195131_182_100_r1.jpg', 'yes', 'no', 36, '2016-10-01 19:51:31', '2016-12-05 01:18:17', NULL, NULL),
(68, 182, 23, 'Kemeja Biru', 300000, 1, 100, 0, '2016-04-11', '2016-04-17', 'ForMen BigSize', 'Lebar bahu 60 cm\r\nLingkar badan 134 cm\r\nPanjang baju 81 cm\r\nLingkar tangan 52 cm ', '', 'public/images/merchant_product/20161001125916_182_68_IMG_5372.JPG', 'yes', 'no', 37, '2016-10-01 12:59:15', '2016-12-09 04:57:48', '5XL ', 'Biru'),
(69, 182, 23, 'Celana Pendek Hijau', 245000, 1, 100, 0, '2016-04-11', '2016-04-17', 'ForMen BigSize', 'lingkar pinggang 106 cm\r\nlingkar paha 68 cm\r\npanjang celana 56 cm', '', 'public/images/merchant_product/20161001130133_182_69_celana1.jpg', 'yes', 'no', 29, '2016-10-01 13:01:33', '2016-12-05 16:26:04', '42', 'HIjau'),
(70, 182, 23, 'Jaket Hijau', 390000, 1, 100, 0, '2016-04-11', '2016-04-17', 'ForMen BigSize', 'Lebar bahu 54 cm\r\nLingkar perut  124 cm\r\nPanjang jaket 72 cm\r\nLingkar lengan 46 cm\r\nPanjang lengan 68 cm', '', 'public/images/merchant_product/20161001130550_182_70_jaket001.jpg', 'yes', 'no', 31, '2016-10-01 13:05:50', '2016-12-06 15:20:48', '4XL', 'Hijau'),
(71, 182, 23, 'Celana Kotak', 225000, 1, 100, 0, '2016-04-11', '2016-04-17', 'ForMen BigSize', 'Lebar pinggang 120 cm\r\nLingkar paha 72 cm\r\nPanjang 56 cm\r\n', '', 'public/images/merchant_product/20161001130611_182_71_kotak1.jpg', 'yes', 'no', 29, '2016-10-01 13:06:11', '2016-12-06 06:07:18', '46', 'Putih'),
(72, 182, 23, 'Tshirt Abu', 150000, 1, 100, 0, '2016-04-11', '2016-04-17', 'ForMen BigSize', 'a', '', 'public/images/merchant_product/20161001131321_182_72_abu1.jpg', 'yes', 'no', 32, '2016-10-01 13:13:21', '2016-12-01 20:12:02', 'L', 'Abu'),
(73, 182, 23, 'Celana Garis', 190000, 1, 100, 0, '2016-04-11', '2016-04-17', 'ForMen BigSize', 'Lingkar pinggang 118 cm\r\nLingkar paha 66 cm\r\nPanjang celana  60 CM', '', 'public/images/merchant_product/20161001131345_182_73_celana1.jpg', 'yes', 'no', 32, '2016-10-01 13:13:45', '2016-12-01 20:12:05', '46', 'Abu'),
(74, 182, 23, 'Kemeja Corak ', 325000, 1, 100, 0, '2016-04-11', '2016-04-17', 'ForMen BigSize', 'Lebar bahu 53 cm\r\nLingkar tangan 56\r\nPanjang baju 78\r\nLingkar badan 122\r\nPanjang tangan 167', '', 'public/images/merchant_product/20161001132206_182_74_mobil1.jpg', 'yes', 'no', 30, '2016-10-01 13:22:06', '2016-11-28 23:24:32', '2XL', 'Krem'),
(75, 182, 23, 'T-shirt Blue Wangky', 150000, 1, 100, 0, '2016-04-11', '2016-04-17', 'ForMen BigSize', 'Lebar bahu 62 cm\r\nLingkar perut 65 cm\r\nPanjang baju 82 cm\r\nLingkar lengan 52 cm', '', 'public/images/merchant_product/20161001132426_182_75_polo1.jpg', 'yes', 'no', 34, '2016-10-01 13:24:26', '2016-12-10 00:54:41', '5XL', 'Biru'),
(76, 182, 23, 'Tshirt Blue Black', 225000, 1, 100, 0, '2016-04-11', '2016-04-17', 'ForMen BigSize', 'Lebar bahu 57 cm\r\nLingkar badan 138 cm\r\nPanjang baju 80 cm\r\nLingkar lengan 52 cm', '', 'public/images/merchant_product/20161001132559_182_76_bb1.JPG', 'yes', 'no', 31, '2016-10-01 13:25:59', '2016-12-05 21:40:34', '5XL', 'Biru Dongker'),
(77, 182, 23, 'Tshirt Kotak Abu', 245000, 1, 100, 0, '2016-04-11', '2016-04-17', 'ForMen BigSize', 'Lebar bahu 62 cm\r\nLingkar perut 65 cm\r\nPanjang baju 82 cm\r\nLingkar lengan 52 cm', '', 'public/images/merchant_product/20161001133729_182_77_kotak1.jpg', 'yes', 'no', 33, '2016-10-01 13:37:29', '2016-12-07 16:07:53', '4XL', 'Abu'),
(78, 182, 23, 'Tshirt White', 190000, 1, 100, 0, '2016-04-11', '2016-04-17', 'ForMen BigSize', 'Lebar bahu 62 cm\r\nLingkar perut 65 cm\r\nPanjang baju 82 cm\r\nLingkar lengan 52 cm', '', 'public/images/merchant_product/20161001133855_182_78_polo1.jpg', 'yes', 'no', 30, '2016-10-01 13:38:55', '2016-12-05 12:13:40', '5XL', 'Putih'),
(79, 182, 23, 'Sweater Merah', 245000, 1, 100, 0, '2016-04-11', '2016-04-17', 'ForMen BigSize', 'Lebar bahu 55 cm\r\nLingkar perut 118 cm\r\nPanjang baju 77 cm\r\nLingkar lengan 40 cm\r\nPanjang lengan 69 cm', '', 'public/images/merchant_product/20161001133958_182_79_s1.jpg', 'yes', 'no', 35, '2016-10-01 13:39:58', '2016-12-05 17:19:28', '2XL', 'Merah Maroon'),
(80, 182, 23, 'Topi NY', 95000, 1, 100, 0, '2016-04-11', '2016-04-17', 'ForMen BigSize', 'All Size', '', 'public/images/merchant_product/20161001134237_182_80_IMG_5390.JPG', 'yes', 'no', 34, '2016-10-01 13:42:37', '2016-12-10 05:32:29', '-', 'Ungu'),
(81, 182, 37, 'T-Shirt Character', 139000, 1, 100, 0, '2016-04-11', '2016-04-17', 'ForMen', 'Lebar bahu 44 cm\r\nPanjang baju 65 cm\r\nLingkar badan 88 cm\r\nLingkar lengan 30 cm\r\n', '', 'public/images/merchant_product/20161001135550_182_81_kaos1-min.JPG', 'yes', 'no', 36, '2016-10-01 13:55:50', '2016-12-27 19:29:59', 'M', 'Abu'),
(82, 182, 38, 'Celana HItam', 175000, 1, 100, 0, '2016-04-11', '2016-04-17', 'ForMen', 'Lingkar pinggang 50 cm\r\nLingkar paha 48 cm\r\nPanjang celana 102 cm', '', 'public/images/merchant_product/20161001154056_182_82_IMG_5466-min.JPG', 'yes', 'no', 30, '2016-10-01 15:40:56', '2016-12-06 22:22:38', '32', 'Hitam'),
(83, 182, 38, 'Celana Panjang Jeans', 295000, 1, 100, 0, '2016-04-11', '2016-04-17', 'ForMen', 'Lingkar Pinggang 78 cm\r\nLingkar Paha 44 cm \r\nPanjang Celana 112 cm ', '', 'public/images/merchant_product/20161001155516_182_83_IMG_5503-min.JPG', 'yes', 'no', 26, '2016-10-01 15:55:16', '2016-12-05 21:04:13', '32', 'Hitam'),
(84, 182, 38, 'Jogger', 249000, 1, 100, 0, '2016-04-11', '2016-04-17', 'ForMen', 'Lingkar Pinggang 78 cm \r\nPanjang Celana 100 cm \r\nLingkar Paha 40 cm ', '', 'public/images/merchant_product/20161001155830_182_84_IMG_5525-min.JPG', 'yes', 'no', 28, '2016-10-01 15:58:30', '2016-12-09 08:39:02', '32', 'Biru '),
(85, 182, 38, 'Jogger 2', 290000, 1, 100, 0, '2016-04-11', '2016-04-17', 'ForMen', 'Lingkar Pinggang 78 cm\r\nPanjang Celana 100 cm\r\nLingkar Paha 40 cm', '', 'public/images/merchant_product/20161001160052_182_85_IMG_5534-min.JPG', 'yes', 'no', 27, '2016-10-01 16:00:52', '2016-12-07 17:21:01', '32', 'Biru'),
(86, 182, 38, 'Jogger', 249000, 1, 100, 0, '2016-04-11', '2016-04-17', 'ForMen', 'Lingkar Pinggang 78 cm \r\nPanjang Celana 100 cm \r\nLingkar Paha 40 cm', '', 'public/images/merchant_product/20161001160231_182_86_IMG_5544-min.JPG', 'yes', 'no', 28, '2016-10-01 16:02:31', '2016-12-01 20:14:10', '32', 'Hitam'),
(87, 182, 39, 'Jaket Katun', 300000, 1, 100, 0, '2016-04-11', '2016-04-17', 'ForMen', 'Labar Bahu 45 cm\r\nLingkar Badan 96 cm \r\nPanjang Lengan 59 cm\r\nLingkar Lengan 15 cm \r\nPanjang Baju 61 cm ', '', 'public/images/merchant_product/20161001160617_182_87_jaket001.JPG', 'yes', 'no', 25, '2016-10-01 16:06:17', '2016-12-10 14:11:24', 'M', 'Hitam'),
(88, 182, 15, 'Belt ', 225000, 1, 100, 0, '2016-04-11', '2016-04-17', 'ForMen', 'Panjan Ikat Pinggang 130 cm \r\n', '', 'public/images/merchant_product/20161001160850_182_88_ikat1-min.jpg', 'yes', 'no', 32, '2016-10-01 16:08:50', '2016-12-02 08:35:29', '52', 'Hitam '),
(89, 182, 37, 'Kemeja Turkey', 490000, 1, 100, 0, '2016-04-11', '2016-04-17', 'ForMen', 'Lebar Bahu 41 cm \r\nPanjang Baju 71 cm \r\nPanjang Lengan 65 cm \r\nLingkar Lengan 40 cm \r\nLingkar Badan 98 cm ', '', 'public/images/merchant_product/20161001161310_182_89_IMG_5429.JPG', 'yes', 'no', 36, '2016-10-01 16:13:10', '2016-12-08 14:14:16', 'M', 'Biru'),
(90, 182, 37, 'T-Shirt Character', 139000, 1, 100, 0, '2016-04-11', '2016-04-17', 'ForMen', 'Lebar bahu 44 cm\r\nPanjang baju 65 cm\r\nLingkar badan 88 cm\r\nLingkar lengan 30 cm\r\n', '', 'public/images/merchant_product/20161001161827_182_90_h1.jpg', 'yes', 'no', 31, '2016-10-01 16:18:27', '2016-12-09 08:37:27', 'M', 'Hijau'),
(91, 182, 37, 'Vest HItam', 300000, 1, 100, 0, '2016-04-11', '2016-04-17', 'ForMen', 'lebar bahu\r\n', '', 'public/images/merchant_product/20161001163357_182_91_IMG_5558.JPG', 'yes', 'no', 27, '2016-10-01 16:33:57', '2016-12-09 08:37:57', 'M', 'Hitam'),
(92, 182, 37, 'Kemeja Turkey', 490000, 1, 100, 0, '2016-04-11', '2016-04-17', 'ForMen', 'Lebar Bahu 41 cm \r\nPanjang Baju 71 cm \r\nPanjang Lengan 65 cm \r\nLingkar Lengan 40 cm ', '', 'public/images/merchant_product/20161001164133_182_92_1-min.JPG', 'yes', 'no', 28, '2016-10-01 16:41:33', '2016-12-08 14:14:36', 'M', 'Merah'),
(93, 182, 37, 'Kemeja Kotak', 150000, 1, 100, 0, '2016-04-11', '2016-04-17', 'ForMen', 'Lebar Bahu 47 cm\r\nLingkar Perut 104 cm \r\nLingkar Lengan 34 cm \r\nPanjang Lengan 61 cm \r\nPanjang Baju 71 cm ', '', 'public/images/merchant_product/20161001170016_182_93_IMG_5479-min.JPG', 'yes', 'no', 25, '2016-10-01 17:00:16', '2016-12-09 08:37:34', 'M', 'Krem'),
(94, 182, 37, 'Polo Shirt', 190000, 1, 100, 0, '2016-04-11', '2016-04-17', 'ForMen', 'Lebar Bahu 51 cm \r\nLingkar Perut 104 cm \r\nLingkar Lengan 38 cm \r\nPanjang Lengan 67 cm \r\nPanjang Baju 72 cm ', '', 'public/images/merchant_product/20161001171853_182_94_IMG_5497-min.JPG', 'yes', 'no', 32, '2016-10-01 17:18:53', '2016-11-28 23:29:22', 'L', 'Abu'),
(95, 182, 37, 'Polo Shirt ', 190000, 1, 100, 0, '2016-04-11', '2016-04-17', 'ForMen', 'Lebar Bahu 44 cm\r\nPanjang Baju 71 cm \r\nLingkar Tangan 40 cm \r\nLingkar Baju 102 cm \r\n', '', 'public/images/merchant_product/20161001190327_182_95_polo1-min.JPG', 'yes', 'no', 28, '2016-10-01 19:03:27', '2016-12-08 21:32:18', 'M', 'Hitam'),
(112, 7, 31, 'Shirt ', 750000, 1, 100, 0, '2016-04-11', '2016-04-17', 'Rdr', '-', '', 'public/images/merchant_product/20161006140428_7_112_001-min.png', 'yes', 'no', 20, '2016-10-06 14:04:28', '2016-12-05 14:13:36', 'All Size ', 'Abu'),
(97, 182, 37, 'T-Shirt ', 125000, 1, 100, 0, '2016-04-11', '2016-04-17', 'ForMen', 'Lebar bahu 44 cm\r\nPanjang baju 65cm\r\nLingkar badan 88 cm\r\nLingkar lengan 30 cm', '', 'public/images/merchant_product/20161001193718_182_97_kaos1.JPG', 'yes', 'no', 22, '2016-10-01 19:37:18', '2016-11-28 23:29:27', 'M', 'Merah '),
(98, 182, 37, 'Kemeja Turkey', 490000, 1, 100, 0, '2016-04-11', '2016-04-17', 'ForMen', 'Lebar Bahu 41 cm \r\nPanjang Baju 71 cm \r\nPanjang Lengan 65 cm \r\nLingkar Lengan 40 cm ', '', 'public/images/merchant_product/20161001194222_182_98_IMG_5459.JPG', 'yes', 'no', 30, '2016-10-01 19:42:22', '2016-11-28 23:24:41', 'M', 'Biru'),
(99, 182, 37, 'T-Shirt Character', 139000, 1, 100, 0, '2016-04-11', '2016-04-17', 'ForMen', 'Lebar bahu 44 cm\r\nPanjang baju 65 cm\r\nLingkar badan 88 cm\r\nLingkar lengan 30 cm\r\n', '', 'public/images/merchant_product/20161001194334_182_99_1.JPG', 'yes', 'no', 25, '2016-10-01 19:43:34', '2016-12-08 12:37:27', 'M', 'Abu'),
(101, 182, 25, 'Mat', 300000, 1, 100, 0, '2016-04-11', '2016-04-17', 'ForMen', 'a', '', 'public/images/merchant_product/20161001201801_182_101_keset001.jpg', 'yes', 'no', 39, '2016-10-01 20:18:01', '2016-12-07 02:07:28', NULL, NULL),
(102, 182, 25, 'Kipas', 90000, 1, 100, 0, '2016-04-11', '2016-04-17', 'ForMen', 'all', '', 'public/images/merchant_product/20161001202731_182_102_kipas.jpg', 'yes', 'no', 32, '2016-10-01 20:27:31', '2016-12-01 20:07:32', NULL, NULL),
(103, 182, 37, 'Kemeja Turkey', 490000, 1, 100, 0, '2016-04-11', '2016-04-17', 'ForMen', 'Lebar Bahu 41 cm \r\nPanjang Baju 71 cm \r\nPanjang Lengan 65 cm \r\nLingkar Lengan 40 cm ', '', 'public/images/merchant_product/20161001203119_182_103_k1.jpg', 'yes', 'no', 37, '2016-10-01 20:31:19', '2016-12-18 03:42:52', 'M', 'Putih'),
(104, 10, 33, 'Jaket', 160000, 1, 100, 0, '2016-04-11', '2016-04-17', 'RGM - Marajo Parka kanvas', 'Material kanvas ', '', 'public/images/merchant_product/20161003131353_10_104_IMG_20161003_072516.jpg', 'yes', 'no', 26, '2016-10-03 13:13:53', '2016-12-05 05:49:56', 'All size', 'Abu'),
(105, 10, 33, 'Jaket', 160000, 1, 100, 0, '2016-04-11', '2016-04-17', 'RGM - Marajo Parka kanvas', 'Material kanvas ukuran', '', 'public/images/merchant_product/20161003131600_10_105_share.jpg', 'yes', 'no', 21, '2016-10-03 13:16:00', '2016-12-10 16:23:46', 'All size', 'HItam'),
(106, 10, 33, 'Jaket', 160000, 1, 100, 0, '2016-04-11', '2016-04-17', 'RGM - Marajo Parka kanvas', 'Material kanvas ukuran ', '', 'public/images/merchant_product/20161003131718_10_106_IMG_20160828_115105.jpg', 'yes', 'no', 29, '2016-10-03 13:17:18', '2016-12-06 02:59:36', 'All size', 'Pink'),
(107, 10, 33, 'Jaket', 160000, 1, 100, 0, '2016-04-11', '2016-04-17', 'RGM - Marajo Parka kanvas', 'Material kanvas ', '', 'public/images/merchant_product/20161003131819_10_107_IMG_20160827_140508.jpg', 'yes', 'no', 25, '2016-10-03 13:18:19', '2016-11-28 23:28:56', 'All size', 'Krem'),
(108, 10, 33, 'Jaket', 160000, 1, 0, 0, '2016-04-11', '2016-04-17', 'RGM - Marajo Parka kanvas', 'Material kanvas ', '', 'public/images/merchant_product/20161003131917_10_108_IMG_20160825_110302.jpg', 'yes', 'no', 31, '2016-10-03 13:19:17', '2016-12-06 10:57:55', 'All size', 'Kuning'),
(109, 10, 33, 'Jaket', 160000, 1, 0, 0, '2016-04-11', '2016-04-17', 'RGM - Marajo Parka kanvas', 'Material kanvas', '', 'public/images/merchant_product/20161003132141_10_109_IMG_20160821_073205.jpg', 'yes', 'no', 22, '2016-10-03 13:21:41', '2016-11-28 23:28:58', 'All size', 'Krem'),
(113, 7, 31, 'Shirt', 750000, 0, 100, 0, '2016-04-11', '2016-04-17', 'Rdr', 'Bahan Flannel', '', 'public/images/merchant_product/20161006140657_7_113_006-min.png', 'yes', 'no', 23, '2016-10-06 14:06:57', '2016-11-28 23:29:00', 'All Size', 'Hitam Abu'),
(114, 7, 31, 'Shirt', 750000, 0, 100, 0, '2016-04-11', '2016-04-17', 'Rdr', 'Bahan Flannel', '', 'public/images/merchant_product/20161006140907_7_114_011-min.png', 'yes', 'no', 27, '2016-10-06 14:09:07', '2016-12-10 15:10:42', 'All Size', 'Abu '),
(115, 7, 31, 'Shirt', 750000, 1, 100, 0, '2016-04-11', '2016-04-17', 'Rdr', '-', '', 'public/images/merchant_product/20161006141031_7_115_016-min.png', 'yes', 'no', 19, '2016-10-06 14:10:31', '2016-11-28 23:24:53', 'All Size', 'Abu'),
(116, 7, 31, 'Shirt', 750000, 1, 100, 0, '2016-04-11', '2016-04-17', 'Rdr', '-', '', 'public/images/merchant_product/20161006141217_7_116_021-min.png', 'yes', 'no', 41, '2016-10-06 14:12:17', '2016-12-10 05:13:58', 'All Size', 'Pink'),
(117, 7, 31, 'Shirt', 750000, 1, 100, 0, '2016-04-11', '2016-04-17', 'Rdr', 'Kain Flannel', '', 'public/images/merchant_product/20161006141431_7_117_026-min.png', 'yes', 'no', 43, '2016-10-06 14:14:31', '2016-12-08 22:52:52', 'All Size', 'Merah Hitam '),
(118, 7, 31, 'Shirt', 750000, 1, 100, 0, '2016-04-11', '2016-04-17', 'Rdr', '-', '', 'public/images/merchant_product/20161006141540_7_118_031-min.png', 'yes', 'no', 35, '2016-10-06 14:15:40', '2016-12-03 18:56:15', 'All Size ', 'Krem '),
(119, 7, 31, 'Shirt', 750000, 1, 100, 0, '2016-04-11', '2016-04-17', 'Rdr', '-', '', 'public/images/merchant_product/20161006141640_7_119_036-min.png', 'yes', 'no', 33, '2016-10-06 14:16:40', '2016-11-28 23:28:44', 'All Size', 'Krem'),
(120, 183, 14, 'G2346-3', 295000, 1, 100, 0, '2016-04-11', '2016-04-17', 'G ARMY', '-', '', 'public/images/merchant_product/20161013120818_183_120_Watch-35_1.jpg', 'yes', 'no', 20, '2016-10-13 12:08:18', '2016-12-08 09:08:39', '-', 'Cokelat'),
(121, 183, 14, 'G2346-4', 295000, 1, 100, 0, '2016-04-11', '2016-04-17', 'G ARMY', '-', '', 'public/images/merchant_product/20161013121048_183_121_Watch-36_1.jpg', 'yes', 'no', 23, '2016-10-13 12:10:48', '2016-12-08 21:50:41', '-', 'Biru'),
(122, 183, 14, 'G2346-5', 295000, 1, 100, 0, '2016-04-11', '2016-04-17', 'G ARMY', '-', '', 'public/images/merchant_product/20161013121252_183_122_Watch-37_1.jpg', 'yes', 'no', 20, '2016-10-13 12:12:52', '2016-12-01 20:07:40', '-', 'Hitam'),
(124, 183, 14, 'G2346-2', 295000, 1, 100, 0, '2016-04-11', '2016-04-17', 'G ARMY', '-', '', 'public/images/merchant_product/20161013121646_183_124_Watch-40_1.jpg', 'yes', 'no', 22, '2016-10-13 12:16:46', '2016-12-10 12:22:42', '-', 'Biru'),
(125, 183, 14, 'G2346-8', 295000, 1, 100, 0, '2016-04-11', '2016-04-17', 'G ARMY', '-', '', 'public/images/merchant_product/20161013121836_183_125_Watch-41_1.jpg', 'yes', 'no', 19, '2016-10-13 12:18:36', '2016-12-06 08:25:07', '-', 'Putih'),
(126, 183, 6, 'G2346-6', 295000, 1, 100, 0, '2016-04-11', '2016-04-17', 'G ARMY', '-', '', 'public/images/merchant_product/20161013121948_183_126_Watch-42_1.jpg', 'yes', 'no', 19, '2016-10-13 12:19:48', '2016-12-07 10:56:36', '-', 'Kuning'),
(127, 183, 6, 'G2346', 295000, 1, 100, 0, '2016-04-11', '2016-04-17', 'G ARMY', '-', '', 'public/images/merchant_product/20161013122057_183_127_Watch-43_1.jpg', 'yes', 'no', 21, '2016-10-13 12:20:57', '2016-12-08 16:04:26', '-', 'Pink'),
(128, 183, 14, 'G2346-3', 295000, 1, 100, 0, '2016-04-11', '2016-04-17', 'G ARMY', '-', '', 'public/images/merchant_product/20161013122503_183_128_Watch-45_1.jpg', 'yes', 'no', 19, '2016-10-13 12:25:03', '2016-12-01 20:07:54', '-', 'Merah'),
(137, 183, 6, 'G2583', 295000, 1, 100, 0, '2016-04-11', '2016-04-17', 'G ARMY', '-', '', 'public/images/merchant_product/20161013124557_183_137_Watch-54_1.jpg', 'yes', 'no', 23, '2016-10-13 12:45:57', '2016-12-08 18:19:29', '-', 'Kuning'),
(130, 183, 14, 'G2583-20', 295000, 1, 100, 0, '2016-04-11', '2016-04-17', 'G ARMY', '-', '', 'public/images/merchant_product/20161013122945_183_130_Watch-47_1.jpg', 'yes', 'no', 18, '2016-10-13 12:29:45', '2016-12-05 00:28:57', '-', 'Ungu'),
(131, 183, 14, 'G2583-15', 295000, 1, 100, 0, '2016-04-11', '2016-04-17', 'G ARMY', '-', '', 'public/images/merchant_product/20161013123222_183_131_Watch-48_1.jpg', 'yes', 'no', 20, '2016-10-13 12:32:22', '2016-12-06 12:21:37', '-', 'Biru'),
(132, 183, 14, 'G2583', 295000, 1, 100, 0, '2016-04-11', '2016-04-17', 'G ARMY', '-', '', 'public/images/merchant_product/20161013123453_183_132_Watch-49_1.jpg', 'yes', 'no', 20, '2016-10-13 12:34:53', '2016-12-01 20:08:57', '-', 'Orange'),
(133, 183, 6, 'G2583', 295000, 1, 100, 0, '2016-04-11', '2016-04-17', 'G ARMY', '-', '', 'public/images/merchant_product/20161013123624_183_133_Watch-50_1.jpg', 'yes', 'no', 20, '2016-10-13 12:36:24', '2016-12-07 22:45:40', '-', 'Pink'),
(134, 183, 14, 'G2583', 295000, 1, 100, 0, '2016-04-11', '2016-04-17', 'G ARMY', '-', '', 'public/images/merchant_product/20161013123816_183_134_Watch-44_1.jpg', 'yes', 'no', 22, '2016-10-13 12:38:16', '2016-12-08 17:15:20', '-', 'Biru'),
(135, 183, 14, 'G2559-4', 350000, 1, 100, 0, '2016-04-11', '2016-04-17', 'G ARMY', '-', '', 'public/images/merchant_product/20161013123930_183_135_Watch-52_1.jpg', 'yes', 'no', 19, '2016-10-13 12:39:30', '2016-12-06 12:25:05', '-', 'Hitam'),
(140, 183, 6, 'G2346-7', 295000, 1, 100, 0, '2016-04-11', '2016-04-17', 'G ARMY', '-', '', 'public/images/merchant_product/20161013125114_183_140_Watch-38_1.jpg', 'yes', 'no', 19, '2016-10-13 12:51:14', '2016-12-01 20:12:33', '-', 'Orange'),
(138, 183, 14, 'G2583', 295000, 1, 100, 0, '2016-04-11', '2016-04-17', 'G ARMY', '-', '', 'public/images/merchant_product/20161013124651_183_138_Watch-55_1.jpg', 'yes', 'no', 20, '2016-10-13 12:46:51', '2016-12-09 08:43:06', '-', 'Hitam'),
(139, 183, 14, 'G2583', 295000, 1, 100, 0, '2016-04-11', '2016-04-17', 'G ARMY', '-', '', 'public/images/merchant_product/20161013124848_183_139_Watch-51_1.jpg', 'yes', 'no', 21, '2016-10-13 12:48:48', '2016-12-06 23:55:48', '-', 'Merah'),
(141, 183, 14, 'G2583', 295000, 1, 100, 0, '2016-04-11', '2016-04-17', 'G ARMY', '-', '', 'public/images/merchant_product/20161013125253_183_141_Watch-39_1.jpg', 'yes', 'no', 22, '2016-10-13 12:52:53', '2016-12-09 22:01:56', '-', 'Hijau'),
(142, 183, 14, 'G2583', 295000, 1, 100, 0, '2016-04-11', '2016-04-17', 'G ARMY', '-', '', 'public/images/merchant_product/20161013125423_183_142_Watch-40_1.jpg', 'yes', 'no', 18, '2016-10-13 12:54:23', '2016-12-05 05:17:45', '-', 'Biru'),
(143, 183, 14, 'GPG150-5', 450000, 1, 100, 0, '2016-04-11', '2016-04-17', 'G ARMY', '-', '', 'public/images/merchant_product/20161013125720_183_143_Watch-1_1.jpg', 'yes', 'no', 17, '2016-10-13 12:57:20', '2016-11-28 23:25:01', '-', 'Biru'),
(144, 183, 14, 'GPG150-2', 450000, 1, 100, 0, '2016-04-11', '2016-04-17', 'G ARMY', '-', '', 'public/images/merchant_product/20161013141259_183_144_Watch-2_1.jpg', 'yes', 'no', 23, '2016-10-13 13:56:00', '2016-12-01 20:11:31', '-', 'Hijau'),
(145, 183, 14, 'GPG150-3', 450000, 1, 100, 0, '2016-04-11', '2016-04-17', 'G ARMY', '-', '', 'public/images/merchant_product/20161013141440_183_145_Watch-3_1.jpg', 'yes', 'no', 18, '2016-10-13 14:14:40', '2016-12-05 02:10:06', '-', 'Biru'),
(146, 183, 14, 'GPG150-6', 450000, 1, 100, 0, '2016-04-11', '2016-04-17', 'G ARMY', '-', '', 'public/images/merchant_product/20161013141615_183_146_Watch-4_1.jpg', 'yes', 'no', 18, '2016-10-13 14:16:15', '2016-12-07 02:59:38', '-', 'Krem'),
(147, 183, 14, 'GPG150-2', 450000, 1, 100, 0, '2016-04-11', '2016-04-17', 'G ARMY', '-', '', 'public/images/merchant_product/20161013142237_183_147_Watch-5_1.jpg', 'yes', 'no', 22, '2016-10-13 14:22:37', '2016-12-02 14:50:48', '-', 'Hijau'),
(148, 183, 14, 'GPG150-4', 450000, 1, 100, 0, '2016-04-11', '2016-04-17', 'G ARMY', '-', '', 'public/images/merchant_product/20161013142506_183_148_Watch-6_1.jpg', 'yes', 'no', 20, '2016-10-13 14:25:06', '2016-12-06 13:36:22', '-', 'Orange '),
(149, 183, 14, 'GPG150-1', 450000, 1, 100, 0, '2016-04-11', '2016-04-17', 'G ARMY', '-', '', 'public/images/merchant_product/20161013142803_183_149_Watch-7_1.jpg', 'yes', 'no', 20, '2016-10-13 14:28:03', '2016-11-28 23:24:52', '-', 'Hitam '),
(150, 183, 6, 'GPU152-3', 350000, 1, 100, 0, '2016-04-11', '2016-04-17', 'G ARMY', '-', '', 'public/images/merchant_product/20161013142947_183_150_Watch-8_1.jpg', 'yes', 'no', 16, '2016-10-13 14:29:47', '2016-12-03 12:54:37', '-', 'Biru'),
(151, 183, 6, 'GPL139-11', 375000, 1, 100, 0, '2016-04-11', '2016-04-17', 'G ARMY', '-', '', 'public/images/merchant_product/20161013143433_183_151_Watch-9_1.jpg', 'yes', 'no', 21, '2016-10-13 14:34:33', '2016-11-28 23:29:33', '-', 'Biru'),
(152, 183, 6, 'GPL139-1', 375000, 1, 100, 0, '2016-04-11', '2016-04-17', 'G ARMY', '-', '', 'public/images/merchant_product/20161013143710_183_152_Watch-10_1.jpg', 'yes', 'no', 21, '2016-10-13 14:37:10', '2016-12-10 00:29:05', '-', 'Hitam'),
(153, 183, 6, 'GPU151-4', 350000, 1, 100, 0, '2016-04-11', '2016-04-17', 'G ARMY', '-', '', 'public/images/merchant_product/20161013144552_183_153_Watch-11_1.jpg', 'yes', 'no', 19, '2016-10-13 14:45:52', '2016-12-09 13:36:44', '-', 'Biru'),
(154, 183, 6, 'GPL124-7', 350000, 1, 100, 0, '2016-04-11', '2016-04-17', 'G ARMY', '-', '', 'public/images/merchant_product/20161013151254_183_154_Watch-13_1.jpg', 'yes', 'no', 24, '2016-10-13 15:12:54', '2016-12-04 12:42:24', '-', 'Hijau'),
(155, 183, 14, 'GPL124-1', 350000, 1, 100, 0, '2016-04-11', '2016-04-17', 'G ARMY', '-', '', 'public/images/merchant_product/20161013152846_183_155_Watch-14_1.jpg', 'yes', 'no', 22, '2016-10-13 15:28:46', '2016-12-05 00:30:39', '-', 'Hitam '),
(156, 183, 14, 'GPU152-4', 350000, 1, 100, 0, '2016-04-11', '2016-04-17', 'G ARMY', '-', '', 'public/images/merchant_product/20161013153147_183_156_Watch-15_1.jpg', 'yes', 'no', 24, '2016-10-13 15:31:47', '2016-12-08 13:39:51', '-', 'Pink'),
(157, 183, 14, 'GPL139-5', 375000, 1, 100, 0, '2016-04-11', '2016-04-17', 'G ARMY', '-', '', 'public/images/merchant_product/20161013153443_183_157_Watch-16_1.jpg', 'yes', 'no', 25, '2016-10-13 15:34:43', '2016-12-10 11:33:35', '-', 'Putih'),
(158, 183, 14, 'GPL124-2', 350000, 1, 100, 0, '2016-04-11', '2016-04-17', 'G ARMY', '-', '', 'public/images/merchant_product/20161013154057_183_158_Watch-17_1.jpg', 'yes', 'no', 16, '2016-10-13 15:40:57', '2016-12-05 11:22:19', '-', 'Putih'),
(159, 183, 14, 'GPL124-4', 350000, 1, 100, 0, '2016-04-11', '2016-04-17', 'G ARMY', '-', '', 'public/images/merchant_product/20161013154728_183_159_Watch-18_1.jpg', 'yes', 'no', 19, '2016-10-13 15:47:28', '2016-12-06 09:21:01', '-', 'Biru'),
(160, 183, 6, 'GPL124-10', 350000, 1, 100, 0, '2016-04-11', '2016-04-17', 'G ARMY', '-', '', 'public/images/merchant_product/20161013154933_183_160_Watch-19_1.jpg', 'yes', 'no', 19, '2016-10-13 15:49:33', '2016-12-05 11:22:57', '-', 'Ungu'),
(161, 183, 6, 'GPL139-9', 375000, 1, 100, 0, '2016-04-11', '2016-04-17', 'G ARMY', '-', '', 'public/images/merchant_product/20161013155330_183_161_Watch-20_1.jpg', 'yes', 'no', 18, '2016-10-13 15:53:30', '2016-12-05 11:23:15', '-', 'Kuning'),
(162, 183, 6, 'GPL124-10', 375000, 1, 100, 0, '2016-04-11', '2016-04-17', 'G ARMY', '-', '', 'public/images/merchant_product/20161013155423_183_162_Watch-21_1.jpg', 'yes', 'no', 22, '2016-10-13 15:54:23', '2016-12-05 11:21:55', '-', 'Ungu'),
(163, 183, 6, 'GPL139-7', 375000, 1, 100, 0, '2016-04-11', '2016-04-17', 'G ARMY', '-', '', 'public/images/merchant_product/20161013155635_183_163_Watch-22_1.jpg', 'yes', 'no', 21, '2016-10-13 15:56:35', '2016-12-11 14:45:24', '-', 'Orange'),
(164, 183, 6, 'GPU151-1', 350000, 1, 100, 0, '2016-04-11', '2016-04-17', 'G ARMY', '-', '', 'public/images/merchant_product/20161013155746_183_164_Watch-23_1.jpg', 'yes', 'no', 19, '2016-10-13 15:57:46', '2016-12-01 20:13:50', '-', 'Putih'),
(165, 183, 6, 'GPL139-2', 375000, 1, 100, 0, '2016-04-11', '2016-04-17', 'G ARMY', '-', '', 'public/images/merchant_product/20161013155838_183_165_Watch-24_1.jpg', 'yes', 'no', 19, '2016-10-13 15:58:38', '2016-12-01 20:10:14', '-', 'Hitam-Pink'),
(166, 183, 6, 'GPL124-3', 350000, 1, 100, 0, '2016-04-11', '2016-04-17', 'G ARMY', '-', '', 'public/images/merchant_product/20161013160032_183_166_Watch-25_1.jpg', 'yes', 'no', 21, '2016-10-13 16:00:32', '2016-12-06 22:02:51', '-', 'Pink'),
(167, 183, 6, 'GPL139-10', 375000, 1, 100, 0, '2016-04-11', '2016-04-17', 'G ARMY', '-', '', 'public/images/merchant_product/20161013160201_183_167_Watch-26_1.jpg', 'yes', 'no', 24, '2016-10-13 16:02:01', '2016-12-09 20:18:37', '-', 'Ungu'),
(168, 183, 6, 'GPL139-7', 375000, 1, 100, 0, '2016-04-11', '2016-04-17', 'G ARMY', '-', '', 'public/images/merchant_product/20161013160257_183_168_Watch-22_1.jpg', 'yes', 'no', 24, '2016-10-13 16:02:57', '2016-12-11 14:45:21', '-', 'Orange'),
(169, 183, 14, 'GPU151-1', 350000, 1, 100, 0, '2016-04-11', '2016-04-17', 'G ARMY', '-', '', 'public/images/merchant_product/20161013160439_183_169_Watch-23_1.jpg', 'yes', 'no', 18, '2016-10-13 16:04:39', '2016-12-06 11:19:13', '-', 'Putih'),
(170, 183, 14, 'GPL139-2', 375000, 1, 100, 0, '2016-04-11', '2016-04-17', 'G ARMY', '-', '', 'public/images/merchant_product/20161013160602_183_170_Watch-24_1.jpg', 'yes', 'no', 18, '2016-10-13 16:06:02', '2016-11-28 23:28:23', '-', 'Pink'),
(171, 183, 14, 'GPU1512-1', 350000, 1, 100, 0, '2016-04-11', '2016-04-17', 'G ARMY', '-', '', 'public/images/merchant_product/20161013160927_183_171_Watch-27_1.jpg', 'yes', 'no', 17, '2016-10-13 16:09:27', '2016-12-05 00:10:15', '-', 'HItam'),
(172, 183, 14, 'GPL139-9', 375000, 1, 100, 0, '2016-04-11', '2016-04-17', 'G ARMY', '-', '', 'public/images/merchant_product/20161013161134_183_172_Watch-28_1.jpg', 'yes', 'no', 17, '2016-10-13 16:11:34', '2016-12-09 01:50:02', '-', 'Hijau'),
(173, 183, 14, 'GPL124-5', 350000, 1, 100, 0, '2016-04-11', '2016-04-17', 'G ARMY', '-', '', 'public/images/merchant_product/20161013161250_183_173_Watch-29_!.jpg', 'yes', 'no', 23, '2016-10-13 16:12:50', '2016-12-01 20:12:42', '-', 'Orange'),
(174, 183, 14, 'GPL139-9', 375000, 1, 100, 0, '2016-04-11', '2016-04-17', 'G ARMY', '-', '', 'public/images/merchant_product/20161013161401_183_174_Watch-30_1.jpg', 'yes', 'no', 18, '2016-10-13 16:14:01', '2016-12-01 20:14:28', '-', 'Hijau'),
(175, 183, 14, 'GPL139', 375000, 1, 100, 0, '2016-04-11', '2016-04-17', 'G ARMY', '-', '', 'public/images/merchant_product/20161013161629_183_175_Watch-31_1.jpg', 'yes', 'no', 17, '2016-10-13 16:16:29', '2016-11-28 23:28:29', '-', 'Pink'),
(176, 183, 14, 'GPL139-6', 375000, 1, 100, 0, '2016-04-11', '2016-04-17', 'G ARMY', '-', '', 'public/images/merchant_product/20161013161738_183_176_Watch-32_1.jpg', 'yes', 'no', 22, '2016-10-13 16:17:38', '2016-12-10 01:48:40', '-', 'Biru'),
(177, 183, 14, 'GPL124-3', 350000, 1, 100, 0, '2016-04-11', '2016-04-17', 'G ARMY', '-', '', 'public/images/merchant_product/20161013161912_183_177_Watch-33_1.jpg', 'yes', 'no', 20, '2016-10-13 16:19:12', '2016-12-01 20:14:57', '-', 'Pink'),
(178, 183, 14, 'GPU151-2', 350000, 1, 100, 0, '2016-04-11', '2016-04-17', 'G ARMY', '-', '', 'public/images/merchant_product/20161013162049_183_178_Watch-34_1.jpg', 'yes', 'no', 21, '2016-10-13 16:20:49', '2016-12-05 14:54:37', '-', '350000'),
(179, 187, 13, 'Kalibre Backpack Quadro 01', 675000, 1, 100, 0, '2016-04-11', '2016-04-17', 'Kalibre', '-', '', 'public/images/merchant_product/20161014174250_187_179_IMG_5869.jpg', 'yes', 'no', 22, '2016-10-14 10:40:06', '2016-12-26 08:21:57', '-', 'Hitam Merah'),
(180, 187, 13, 'Kalibre Pouch Overshield', 299000, 1, 100, 0, '2016-04-11', '2016-04-17', 'Kalibre', '-', '', 'public/images/merchant_product/20161014174354_187_180_IMG_5876.jpg', 'yes', 'no', 24, '2016-10-14 10:42:44', '2016-12-04 15:26:18', '-', 'Hitam'),
(181, 187, 13, 'Kalibre Backpack Spuro 03', 449000, 1, 100, 0, '2016-04-11', '2016-04-17', 'Kalibre', '-', '', 'public/images/merchant_product/20161014174559_187_181_IMG_5885.jpg', 'yes', 'no', 18, '2016-10-14 10:43:33', '2016-12-08 19:37:57', '-', 'Hitam Biru'),
(182, 187, 13, 'Kalibre Prospect Dark', 849000, 1, 100, 0, '2016-04-11', '2016-04-17', 'Kalibre', '-', '', 'public/images/merchant_product/20161014174700_187_182_IMG_5880.jpg', 'yes', 'no', 29, '2016-10-14 10:46:11', '2016-12-10 21:52:05', '-', 'Hitam'),
(183, 187, 13, 'Kalibre Pouch Overshield 05', 239000, 1, 100, 0, '2016-04-11', '2016-04-17', 'Kalibre', '-', '', 'public/images/merchant_product/20161014174817_187_183_IMG_5893.jpg', 'yes', 'no', 21, '2016-10-14 10:49:29', '2016-12-09 08:40:14', '-', 'Hitam'),
(184, 187, 13, 'Kalibre Pouch Advantage 04 ', 229000, 1, 100, 0, '2016-04-11', '2016-04-17', 'Kalibre', '-', '', 'public/images/merchant_product/20161014174918_187_184_IMG_5897.jpg', 'yes', 'no', 20, '2016-10-14 10:50:56', '2016-12-02 21:47:01', '-', 'Abu Orange'),
(185, 187, 13, 'Kalibre Backpack Explorer 01', 625000, 1, 100, 0, '2016-04-11', '2016-04-17', 'Kalibre', '-', '', 'public/images/merchant_product/20161014175030_187_185_IMG_5900.jpg', 'yes', 'no', 19, '2016-10-14 10:54:15', '2016-12-01 20:08:31', '-', 'Hitam'),
(186, 187, 13, 'Kalibre Backpack Electroner', 499000, 1, 100, 0, '2016-04-11', '2016-04-17', 'Kalibre', '-', '', 'public/images/merchant_product/20161014175332_187_186_IMG_5903.jpg', 'yes', 'no', 25, '2016-10-14 10:57:58', '2016-12-11 07:07:21', '-', 'Hitam'),
(187, 187, 13, 'Kalibre Pouch Predator 03', 299000, 1, 100, 0, '2016-04-11', '2016-04-17', 'Kalibre', '-', '', 'public/images/merchant_product/20161014175458_187_187_IMG_5906.jpg', 'yes', 'no', 20, '2016-10-14 11:01:37', '2016-12-01 20:08:37', '-', 'Hitam'),
(188, 187, 13, 'Kalibre Pouch Metroplex 05', 349000, 1, 100, 0, '2016-04-11', '2016-04-17', 'Kalibre', '-', '', 'public/images/merchant_product/20161014175605_187_188_IMG_5910.jpg', 'yes', 'no', 24, '2016-10-14 11:03:09', '2016-12-06 22:52:30', '-', 'Hitam Biru'),
(189, 187, 13, 'Kalibre Backpack Venture Black', 525000, 1, 100, 0, '2016-04-11', '2016-04-17', 'Kalibre', '-', '', 'public/images/merchant_product/20161014175709_187_189_IMG_5913.jpg', 'yes', 'no', 18, '2016-10-14 11:04:13', '2016-11-28 23:30:08', '-', 'Hitam'),
(190, 187, 13, 'Kalibre Pouch Kristo 04', 175000, 1, 100, 0, '2016-04-11', '2016-04-17', 'Kalibre', '-', '', 'public/images/merchant_product/20161014175944_187_190_IMG_5916.jpg', 'yes', 'no', 20, '2016-10-14 11:06:21', '2016-11-28 23:28:25', '-', 'Abu'),
(191, 187, 13, 'Kalibre Pouch Overbone Black', 205000, 1, 100, 0, '2016-04-11', '2016-04-17', 'Kalibre', '-', '', 'public/images/merchant_product/20161014180049_187_191_IMG_5919.jpg', 'yes', 'no', 17, '2016-10-14 11:07:54', '2016-11-28 23:28:48', '-', 'Hitam'),
(192, 187, 13, 'Kalibre Pouch Lenoxyon Dark', 249000, 1, 100, 0, '2016-04-11', '2016-04-17', 'Kalibre', '-', '', 'public/images/merchant_product/20161014180206_187_192_IMG_5923.jpg', 'yes', 'no', 19, '2016-10-14 11:09:41', '2016-12-01 20:08:59', '-', 'Abu'),
(193, 187, 13, 'Kalibre Pouch Lenoxyon 03', 225000, 1, 100, 0, '2016-04-11', '2016-04-17', 'Kalibre', '-', '', 'public/images/merchant_product/20161014180322_187_193_IMG_5927.jpg', 'yes', 'no', 22, '2016-10-14 11:11:04', '2016-12-01 20:10:17', '-', 'Abu'),
(194, 187, 13, 'Kalibre Explodius 02 Black', 549000, 1, 100, 0, '2016-04-11', '2016-04-17', 'Kalibre', '-', '', 'public/images/merchant_product/20161014180433_187_194_IMG_5930.jpg', 'yes', 'no', 28, '2016-10-14 11:12:46', '2016-12-08 22:23:47', '-', 'Hitam Kuning'),
(195, 187, 13, 'Kalibre Backpack Hypershield', 675000, 1, 100, 0, '2016-04-11', '2016-04-17', 'Kalibre', '-', '', 'public/images/merchant_product/20161014180803_187_195_IMG_5934.jpg', 'yes', 'no', 21, '2016-10-14 11:14:58', '2016-12-10 21:52:59', '-', 'Hitam'),
(196, 187, 13, 'Kalibre Backpack Armadillo 01', 775000, 1, 100, 0, '2016-04-11', '2016-04-17', 'Kalibre', '-', '', 'public/images/merchant_product/20161014181351_187_196_IMG_5941.jpg', 'yes', 'no', 41, '2016-10-14 11:16:21', '2016-12-11 06:20:14', '-', 'Hitam'),
(197, 187, 13, 'Kalibre Backpack Predator 04', 699000, 1, 100, 0, '2016-04-11', '2016-04-17', 'Kalibre', '-', '', 'public/images/merchant_product/20161014181456_187_197_IMG_5944.jpg', 'yes', 'no', 81, '2016-10-14 11:17:35', '2016-12-10 21:41:51', '-', 'Hitam'),
(198, 187, 13, 'Kalibre Huxley Dark Grey-Black', 625000, 1, 100, 0, '2016-04-11', '2016-04-17', 'Kalibre', '-', '', 'public/images/merchant_product/20161014181617_187_198_IMG_5948.jpg', 'yes', 'no', 64, '2016-10-14 11:19:49', '2016-12-10 04:45:13', '-', 'Abu'),
(199, 187, 13, 'Kalibre Backpack Advetage 01', 649000, 1, 100, 0, '2016-04-11', '2016-04-17', 'Kalibre', '-', '', 'public/images/merchant_product/20161014181744_187_199_IMG_5958.jpg', 'yes', 'no', 82, '2016-10-14 11:21:19', '2016-12-10 20:18:22', '-', 'Abu Orange'),
(200, 187, 13, 'Kalibre Razor BLACK', 199000, 1, 100, 0, '2016-04-11', '2016-04-17', 'Kalibre', '-', '', 'public/images/merchant_product/20161014181845_187_200_IMG_5962.jpg', 'yes', 'no', 72, '2016-10-14 11:23:04', '2016-12-17 11:39:00', '-', 'Hitam'),
(210, 1, 31, 'coba', 200000, 1, 1, 1, '2016-12-01', '2016-12-31', 'coba', '				<strong>Deskripsi</strong>\r\n				<table class=''table''>\r\n				<tr>\r\n				<td>Panjang Lengan</td>\r\n				<td>20 cm</td>\r\n				</tr>\r\n				\r\n				<tr>\r\n				<td>Lingkar Dada</td>\r\n				<td>20 cm</td>\r\n				</tr>\r\n				</table>', '\r\n			<label>Panjang Lengan</label>\r\n			<div class=''input-group''>\r\n			<input value=''20'' type=''text'' class=''form-control'' name=''description[]'' placeholder=''Masukkan Panjang Lengan'' required/>\r\n			<input type=''hidden'' class=''form-control'' name=''jenis_description[]'' value=''Panjang Lengan''/>\r\n			<input type=''hidden'' class=''form-control'' name=''satuan[]'' value=''cm''/>\r\n			<span class=''input-group-addon''>cm</span>\r\n			</div>\r\n			<br/>\r\n			\r\n			<label>Lingkar Dada</label>\r\n			<div class=''input-group''>\r\n			<input value=''20'' type=''text'' class=''form-control'' name=''description[]'' placeholder=''Masukkan Lingkar Dada'' required/>\r\n			<input type=''hidden'' class=''form-control'' name=''jenis_description[]'' value=''Lingkar Dada''/>\r\n			<input type=''hidden'' class=''form-control'' name=''satuan[]'' value=''cm''/>\r\n			<span class=''input-group-addon''>cm</span>\r\n			</div>\r\n			<br/>\r\n			', 'public/images/merchant_product/20161217232707_1_210_WIN_20161102_22_29_41_Pro.jpg', 'yes', 'no', 62, '2016-12-17 23:27:07', '2016-12-18 19:23:27', 'S,M', 'Biru'),
(211, 1, 37, 'coba2', 200000, 1, 1, 1, '2016-04-11', '2016-04-17', 'coba2', '\n				<strong>Deskripsi</strong>\n				<table class=''table''>\n				<tr>\n				<td>Panjang Lengan</td>\n				<td>30 cm</td>\n				</tr>\n				\n				<tr>\n				<td>Lingkar Dada</td>\n				<td>30 cm</td>\n				</tr>\n				</table>', '\n				<label>Panjang Lengan</label>\n				<div class=''input-group''>\n				<input type=''text'' class=''form-control'' name=''description[]'' value=''30'' placeholder=''Masukkan Panjang Lengan'' required/>\n				<input type=''hidden'' class=''form-control'' name=''jenis_description[]'' value=''Panjang Lengan''/>\n				<input type=''hidden'' class=''form-control'' name=''satuan[]'' value=''30 cm''/>\n				<span class=''input-group-addon''>cm</span>\n				</div>\n				<br/>\n				\n				<label>Lingkar Dada</label>\n				<div class=''input-group''>\n				<input type=''text'' class=''form-control'' name=''description[]'' value=''30'' placeholder=''Masukkan Lingkar Dada'' required/>\n				<input type=''hidden'' class=''form-control'' name=''jenis_description[]'' value=''Lingkar Dada''/>\n				<input type=''hidden'' class=''form-control'' name=''satuan[]'' value=''30 cm''/>\n				<span class=''input-group-addon''>cm</span>\n				</div>\n				<br/>\n				', 'public/images/merchant_product/20161218031611_1_211_WIN_20161102_22_29_41_Pro.jpg', 'yes', 'no', 2, '2016-12-18 03:16:11', '2016-12-18 03:39:20', 'S,M', 'Biru');

-- --------------------------------------------------------

--
-- Table structure for table `product_detail`
--

CREATE TABLE IF NOT EXISTS `product_detail` (
  `id` int(11) NOT NULL,
  `product_id` int(11) NOT NULL,
  `detail` varchar(255) NOT NULL,
  `created_at` datetime NOT NULL,
  `updated_at` datetime NOT NULL
) ENGINE=MyISAM DEFAULT CHARSET=latin1;

-- --------------------------------------------------------

--
-- Table structure for table `product_image`
--

CREATE TABLE IF NOT EXISTS `product_image` (
  `id` int(11) NOT NULL,
  `product_id` int(11) NOT NULL,
  `image_link` varchar(255) NOT NULL,
  `created_at` datetime NOT NULL,
  `updated_at` datetime NOT NULL
) ENGINE=MyISAM AUTO_INCREMENT=1019 DEFAULT CHARSET=latin1;

--
-- Dumping data for table `product_image`
--

INSERT INTO `product_image` (`id`, `product_id`, `image_link`, `created_at`, `updated_at`) VALUES
(912, 17, 'public/images/merchant_product/20161208205432_1_17_IMG_4365-min.jpg', '2016-12-08 20:54:32', '2016-12-08 20:54:32'),
(143, 32, 'public/images/merchant_product/20160704105517_1_32_saitama.jpg', '2016-07-04 10:55:17', '2016-07-04 10:55:17'),
(910, 17, 'public/images/merchant_product/20161208205432_1_17_IMG_4363-min.jpg', '2016-12-08 20:54:32', '2016-12-08 20:54:32'),
(911, 17, 'public/images/merchant_product/20161208205432_1_17_IMG_4364-min.jpg', '2016-12-08 20:54:32', '2016-12-08 20:54:32'),
(909, 17, 'public/images/merchant_product/20161208205432_1_17_001-min.jpg', '2016-12-08 20:54:32', '2016-12-08 20:54:32'),
(927, 20, 'public/images/merchant_product/20161208211051_1_20_IMG_4421-min.jpg', '2016-12-08 21:10:51', '2016-12-08 21:10:51'),
(926, 20, 'public/images/merchant_product/20161208211051_1_20_IMG_4419-min.jpg', '2016-12-08 21:10:51', '2016-12-08 21:10:51'),
(925, 20, 'public/images/merchant_product/20161208211051_1_20_IMG_4418-min.jpg', '2016-12-08 21:10:51', '2016-12-08 21:10:51'),
(907, 16, 'public/images/merchant_product/20161208205329_1_16_IMG_4391-min.jpg', '2016-12-08 20:53:29', '2016-12-08 20:53:29'),
(906, 16, 'public/images/merchant_product/20161208205329_1_16_IMG_4389-min.jpg', '2016-12-08 20:53:29', '2016-12-08 20:53:29'),
(905, 16, 'public/images/merchant_product/20161208205329_1_16_IMG_4388-min.jpg', '2016-12-08 20:53:29', '2016-12-08 20:53:29'),
(1017, 210, 'public/images/merchant_product/20161217232707_1_210_WIN_20161102_22_29_41_Pro.jpg', '2016-12-17 23:27:07', '2016-12-17 23:27:07'),
(1018, 211, 'public/images/merchant_product/20161218031611_1_211_WIN_20161102_22_29_41_Pro.jpg', '2016-12-18 03:16:11', '2016-12-18 03:16:11'),
(923, 19, 'public/images/merchant_product/20161208210759_1_19_IMG_4405-min.jpg', '2016-12-08 21:07:59', '2016-12-08 21:07:59'),
(922, 19, 'public/images/merchant_product/20161208210759_1_19_IMG_4402-min.jpg', '2016-12-08 21:07:59', '2016-12-08 21:07:59'),
(921, 19, 'public/images/merchant_product/20161208210759_1_19_IMG_4401-min.jpg', '2016-12-08 21:07:59', '2016-12-08 21:07:59'),
(934, 21, 'public/images/merchant_product/20161208211845_1_21_IMG_4408-min.jpg', '2016-12-08 21:18:45', '2016-12-08 21:18:45'),
(935, 21, 'public/images/merchant_product/20161208211845_1_21_IMG_4410-min.jpg', '2016-12-08 21:18:45', '2016-12-08 21:18:45'),
(178, 22, 'public/images/merchant_product/20160704191247_1_22_IMG_4450.JPG', '2016-07-04 19:12:47', '2016-07-04 19:12:47'),
(177, 22, 'public/images/merchant_product/20160704191247_1_22_IMG_4451.JPG', '2016-07-04 19:12:47', '2016-07-04 19:12:47'),
(176, 22, 'public/images/merchant_product/20160704191247_1_22_IMG_4449.JPG', '2016-07-04 19:12:47', '2016-07-04 19:12:47'),
(175, 22, 'public/images/merchant_product/20160704191246_1_22_IMG_4447.JPG', '2016-07-04 19:12:47', '2016-07-04 19:12:47'),
(939, 25, 'public/images/merchant_product/20161208212030_1_25_IMG_4451-min.jpg', '2016-12-08 21:20:30', '2016-12-08 21:20:30'),
(938, 25, 'public/images/merchant_product/20161208212030_1_25_IMG_4449-min.jpg', '2016-12-08 21:20:30', '2016-12-08 21:20:30'),
(937, 25, 'public/images/merchant_product/20161208212030_1_25_IMG_4447-min.jpg', '2016-12-08 21:20:30', '2016-12-08 21:20:30'),
(950, 27, 'public/images/merchant_product/20161208212818_1_27_IMG_4473-min.jpg', '2016-12-08 21:28:18', '2016-12-08 21:28:18'),
(951, 27, 'public/images/merchant_product/20161208212818_1_27_IMG_4478-min.jpg', '2016-12-08 21:28:18', '2016-12-08 21:28:18'),
(952, 27, 'public/images/merchant_product/20161208212818_1_27_IMG_4476-min.jpg', '2016-12-08 21:28:18', '2016-12-08 21:28:18'),
(960, 28, 'public/images/merchant_product/20161208213730_1_28_IMG_4482.jpg', '2016-12-08 21:37:30', '2016-12-08 21:37:30'),
(943, 26, 'public/images/merchant_product/20161208212613_1_26_IMG_4507-min.jpg', '2016-12-08 21:26:13', '2016-12-08 21:26:13'),
(942, 26, 'public/images/merchant_product/20161208212515_1_26_IMG_4505-min.jpg', '2016-12-08 21:25:15', '2016-12-08 21:25:15'),
(941, 26, 'public/images/merchant_product/20161208212515_1_26_IMG_4504-min.jpg', '2016-12-08 21:25:15', '2016-12-08 21:25:15'),
(959, 28, 'public/images/merchant_product/20161208213730_1_28_IMG_4483.jpg', '2016-12-08 21:37:30', '2016-12-08 21:37:30'),
(954, 28, 'public/images/merchant_product/20161208213218_1_28_IMG_4481-min.jpg', '2016-12-08 21:32:18', '2016-12-08 21:32:18'),
(953, 28, 'public/images/merchant_product/20161208213218_1_28_IMG_4480-min.jpg', '2016-12-08 21:32:18', '2016-12-08 21:32:18'),
(958, 33, 'public/images/merchant_product/20161208213440_1_33_IMG_4459-min.jpg', '2016-12-08 21:34:40', '2016-12-08 21:34:40'),
(957, 33, 'public/images/merchant_product/20161208213440_1_33_IMG_4462-min.jpg', '2016-12-08 21:34:40', '2016-12-08 21:34:40'),
(963, 34, 'public/images/merchant_product/20161208213759_1_34_IMG_4491-min (1).jpg', '2016-12-08 21:37:59', '2016-12-08 21:37:59'),
(962, 34, 'public/images/merchant_product/20161208213759_1_34_IMG_4487-min.jpg', '2016-12-08 21:37:59', '2016-12-08 21:37:59'),
(961, 34, 'public/images/merchant_product/20161208213759_1_34_IMG_4485-min.jpg', '2016-12-08 21:37:59', '2016-12-08 21:37:59'),
(956, 33, 'public/images/merchant_product/20161208213440_1_33_IMG_4460-min.jpg', '2016-12-08 21:34:40', '2016-12-08 21:34:40'),
(955, 33, 'public/images/merchant_product/20161208213440_1_33_IMG_4457-min.jpg', '2016-12-08 21:34:40', '2016-12-08 21:34:40'),
(967, 35, 'public/images/merchant_product/20161208214218_1_35_IMG_4498-min.jpg', '2016-12-08 21:42:18', '2016-12-08 21:42:18'),
(966, 35, 'public/images/merchant_product/20161208214218_1_35_IMG_4494-min.jpg', '2016-12-08 21:42:18', '2016-12-08 21:42:18'),
(965, 35, 'public/images/merchant_product/20161208214218_1_35_IMG_4493-min.jpg', '2016-12-08 21:42:18', '2016-12-08 21:42:18'),
(971, 36, 'public/images/merchant_product/20161208214935_1_36_IMG_4470-min.jpg', '2016-12-08 21:49:35', '2016-12-08 21:49:35'),
(970, 36, 'public/images/merchant_product/20161208214935_1_36_IMG_4468-min.jpg', '2016-12-08 21:49:35', '2016-12-08 21:49:35'),
(969, 36, 'public/images/merchant_product/20161208214935_1_36_IMG_4467-min.jpg', '2016-12-08 21:49:35', '2016-12-08 21:49:35'),
(221, 37, 'public/images/merchant_product/20160706112223_1_37_IMG_4510.JPG', '2016-07-06 11:22:23', '2016-07-06 11:22:23'),
(222, 37, 'public/images/merchant_product/20160706112223_1_37_IMG_4512.JPG', '2016-07-06 11:22:23', '2016-07-06 11:22:23'),
(223, 37, 'public/images/merchant_product/20160706112223_1_37_IMG_4514.JPG', '2016-07-06 11:22:23', '2016-07-06 11:22:23'),
(224, 37, 'public/images/merchant_product/20160706112223_1_37_IMG_4513.JPG', '2016-07-06 11:22:23', '2016-07-06 11:22:23'),
(225, 38, 'public/images/merchant_product/20160706135219_1_38_IMG_4525.JPG', '2016-07-06 13:52:20', '2016-07-06 13:52:20'),
(229, 39, 'public/images/merchant_product/20160706155601_1_39_IMG_4534.JPG', '2016-07-06 15:56:02', '2016-07-06 15:56:02'),
(233, 40, 'public/images/merchant_product/20160706155703_1_40_IMG_4624.JPG', '2016-07-06 15:57:03', '2016-07-06 15:57:03'),
(234, 40, 'public/images/merchant_product/20160706155703_1_40_IMG_4627.JPG', '2016-07-06 15:57:03', '2016-07-06 15:57:03'),
(235, 40, 'public/images/merchant_product/20160706155703_1_40_IMG_4634.JPG', '2016-07-06 15:57:03', '2016-07-06 15:57:03'),
(236, 41, 'public/images/merchant_product/20160706160340_1_41_IMG_4527.JPG', '2016-07-06 16:03:41', '2016-07-06 16:03:41'),
(237, 41, 'public/images/merchant_product/20160706160341_1_41_IMG_4529.JPG', '2016-07-06 16:03:41', '2016-07-06 16:03:41'),
(238, 41, 'public/images/merchant_product/20160706160341_1_41_IMG_4532.JPG', '2016-07-06 16:03:41', '2016-07-06 16:03:41'),
(239, 41, 'public/images/merchant_product/20160706160341_1_41_IMG_4530.JPG', '2016-07-06 16:03:41', '2016-07-06 16:03:41'),
(240, 42, 'public/images/merchant_product/20160706160557_1_42_IMG_4557.JPG', '2016-07-06 16:05:57', '2016-07-06 16:05:57'),
(241, 42, 'public/images/merchant_product/20160706160557_1_42_IMG_4558.JPG', '2016-07-06 16:05:57', '2016-07-06 16:05:57'),
(242, 42, 'public/images/merchant_product/20160706160557_1_42_IMG_4561.JPG', '2016-07-06 16:05:57', '2016-07-06 16:05:57'),
(243, 42, 'public/images/merchant_product/20160706160557_1_42_IMG_4559.JPG', '2016-07-06 16:05:57', '2016-07-06 16:05:57'),
(244, 43, 'public/images/merchant_product/20160706161119_1_43_IMG_4563.JPG', '2016-07-06 16:11:19', '2016-07-06 16:11:19'),
(245, 43, 'public/images/merchant_product/20160706161119_1_43_IMG_4565.JPG', '2016-07-06 16:11:19', '2016-07-06 16:11:19'),
(246, 43, 'public/images/merchant_product/20160706161119_1_43_IMG_4569.JPG', '2016-07-06 16:11:19', '2016-07-06 16:11:19'),
(247, 43, 'public/images/merchant_product/20160706161119_1_43_IMG_4566.JPG', '2016-07-06 16:11:19', '2016-07-06 16:11:19'),
(248, 44, 'public/images/merchant_product/20160706161432_1_44_IMG_4592.JPG', '2016-07-06 16:14:32', '2016-07-06 16:14:32'),
(249, 44, 'public/images/merchant_product/20160706161432_1_44_IMG_4595.JPG', '2016-07-06 16:14:32', '2016-07-06 16:14:32'),
(250, 44, 'public/images/merchant_product/20160706161432_1_44_IMG_4599.JPG', '2016-07-06 16:14:32', '2016-07-06 16:14:32'),
(251, 44, 'public/images/merchant_product/20160706161432_1_44_IMG_4597.JPG', '2016-07-06 16:14:32', '2016-07-06 16:14:32'),
(920, 45, 'public/images/merchant_product/20161208210156_1_45_IMG_4640.jpg', '2016-12-08 21:01:56', '2016-12-08 21:01:56'),
(919, 45, 'public/images/merchant_product/20161208210156_1_45_IMG_4642.jpg', '2016-12-08 21:01:56', '2016-12-08 21:01:56'),
(918, 45, 'public/images/merchant_product/20161208210156_1_45_IMG_4637.jpg', '2016-12-08 21:01:56', '2016-12-08 21:01:56'),
(917, 45, 'public/images/merchant_product/20161208210156_1_45_IMG_4635.jpg', '2016-12-08 21:01:56', '2016-12-08 21:01:56'),
(256, 46, 'public/images/merchant_product/20160707091419_1_46_IMG_4541.JPG', '2016-07-07 09:14:20', '2016-07-07 09:14:20'),
(257, 46, 'public/images/merchant_product/20160707091420_1_46_IMG_4543.JPG', '2016-07-07 09:14:20', '2016-07-07 09:14:20'),
(258, 46, 'public/images/merchant_product/20160707091420_1_46_IMG_4545.JPG', '2016-07-07 09:14:20', '2016-07-07 09:14:20'),
(259, 46, 'public/images/merchant_product/20160707091420_1_46_IMG_4544.JPG', '2016-07-07 09:14:20', '2016-07-07 09:14:20'),
(260, 47, 'public/images/merchant_product/20160707114044_1_47_IMG_4570.JPG', '2016-07-07 11:40:45', '2016-07-07 11:40:45'),
(261, 47, 'public/images/merchant_product/20160707114045_1_47_IMG_4572.JPG', '2016-07-07 11:40:45', '2016-07-07 11:40:45'),
(262, 47, 'public/images/merchant_product/20160707114045_1_47_IMG_4578.JPG', '2016-07-07 11:40:45', '2016-07-07 11:40:45'),
(263, 47, 'public/images/merchant_product/20160707114045_1_47_IMG_4573.JPG', '2016-07-07 11:40:45', '2016-07-07 11:40:45'),
(264, 48, 'public/images/merchant_product/20160707114349_1_48_IMG_4610.JPG', '2016-07-07 11:43:49', '2016-07-07 11:43:49'),
(265, 48, 'public/images/merchant_product/20160707114349_1_48_IMG_4611.JPG', '2016-07-07 11:43:49', '2016-07-07 11:43:49'),
(266, 48, 'public/images/merchant_product/20160707114349_1_48_IMG_4613.JPG', '2016-07-07 11:43:49', '2016-07-07 11:43:49'),
(267, 48, 'public/images/merchant_product/20160707114349_1_48_IMG_4612.JPG', '2016-07-07 11:43:49', '2016-07-07 11:43:49'),
(268, 49, 'public/images/merchant_product/20160707114754_1_49_IMG_4579.JPG', '2016-07-07 11:47:55', '2016-07-07 11:47:55'),
(269, 49, 'public/images/merchant_product/20160707114755_1_49_IMG_4580.JPG', '2016-07-07 11:47:55', '2016-07-07 11:47:55'),
(270, 49, 'public/images/merchant_product/20160707114755_1_49_IMG_4583.JPG', '2016-07-07 11:47:55', '2016-07-07 11:47:55'),
(271, 49, 'public/images/merchant_product/20160707114755_1_49_IMG_4582.JPG', '2016-07-07 11:47:55', '2016-07-07 11:47:55'),
(272, 50, 'public/images/merchant_product/20160707120619_1_50_IMG_4586.JPG', '2016-07-07 12:06:20', '2016-07-07 12:06:20'),
(273, 50, 'public/images/merchant_product/20160707120620_1_50_IMG_4587.JPG', '2016-07-07 12:06:20', '2016-07-07 12:06:20'),
(274, 50, 'public/images/merchant_product/20160707120620_1_50_IMG_4589.JPG', '2016-07-07 12:06:20', '2016-07-07 12:06:20'),
(275, 50, 'public/images/merchant_product/20160707120620_1_50_IMG_4588.JPG', '2016-07-07 12:06:20', '2016-07-07 12:06:20'),
(848, 51, 'public/images/merchant_product/20161208152949_182_51_IMG_5058 copy.jpg', '2016-12-08 15:29:49', '2016-12-08 15:29:49'),
(847, 51, 'public/images/merchant_product/20161208152949_182_51_IMG_5056.jpg', '2016-12-08 15:29:49', '2016-12-08 15:29:49'),
(846, 51, 'public/images/merchant_product/20161208152949_182_51_IMG_5054.jpg', '2016-12-08 15:29:49', '2016-12-08 15:29:49'),
(845, 51, 'public/images/merchant_product/20161208152949_182_51_IMG_5047.jpg', '2016-12-08 15:29:49', '2016-12-08 15:29:49'),
(852, 52, 'public/images/merchant_product/20161208153112_182_52_kemeja4.jpg', '2016-12-08 15:31:12', '2016-12-08 15:31:12'),
(851, 52, 'public/images/merchant_product/20161208153112_182_52_kemeja3.jpg', '2016-12-08 15:31:12', '2016-12-08 15:31:12'),
(850, 52, 'public/images/merchant_product/20161208153112_182_52_kemeja2.jpg', '2016-12-08 15:31:12', '2016-12-08 15:31:12'),
(849, 52, 'public/images/merchant_product/20161208153112_182_52_kemeja1.jpg', '2016-12-08 15:31:12', '2016-12-08 15:31:12'),
(856, 53, 'public/images/merchant_product/20161208153323_182_53_hoodie4.jpg', '2016-12-08 15:33:23', '2016-12-08 15:33:23'),
(855, 53, 'public/images/merchant_product/20161208153323_182_53_hoodie3.jpg', '2016-12-08 15:33:23', '2016-12-08 15:33:23'),
(854, 53, 'public/images/merchant_product/20161208153323_182_53_hoodie2.jpg', '2016-12-08 15:33:23', '2016-12-08 15:33:23'),
(853, 53, 'public/images/merchant_product/20161208153323_182_53_hoodie1.jpg', '2016-12-08 15:33:23', '2016-12-08 15:33:23'),
(859, 54, 'public/images/merchant_product/20161208153542_182_54_kaos3_renamed_13065.jpg', '2016-12-08 15:35:42', '2016-12-08 15:35:42'),
(858, 54, 'public/images/merchant_product/20161208153542_182_54_kaos2_renamed_30917.jpg', '2016-12-08 15:35:42', '2016-12-08 15:35:42'),
(857, 54, 'public/images/merchant_product/20161208153542_182_54_kaos1_renamed_28471.jpg', '2016-12-08 15:35:42', '2016-12-08 15:35:42'),
(864, 55, 'public/images/merchant_product/20161208153700_182_55_jaket4.jpg', '2016-12-08 15:37:00', '2016-12-08 15:37:00'),
(863, 55, 'public/images/merchant_product/20161208153700_182_55_jaket2.jpg', '2016-12-08 15:37:00', '2016-12-08 15:37:00'),
(862, 55, 'public/images/merchant_product/20161208153700_182_55_jaket3.jpg', '2016-12-08 15:37:00', '2016-12-08 15:37:00'),
(861, 55, 'public/images/merchant_product/20161208153700_182_55_jaket1.jpg', '2016-12-08 15:37:00', '2016-12-08 15:37:00'),
(867, 56, 'public/images/merchant_product/20161208153833_182_56_kaos3_renamed_30395.jpg', '2016-12-08 15:38:33', '2016-12-08 15:38:33'),
(866, 56, 'public/images/merchant_product/20161208153833_182_56_kaos2_renamed_4642.jpg', '2016-12-08 15:38:33', '2016-12-08 15:38:33'),
(865, 56, 'public/images/merchant_product/20161208153833_182_56_kaos1_renamed_26768.jpg', '2016-12-08 15:38:33', '2016-12-08 15:38:33'),
(871, 57, 'public/images/merchant_product/20161208153936_182_57_kaos3_renamed_7043.jpg', '2016-12-08 15:39:36', '2016-12-08 15:39:36'),
(870, 57, 'public/images/merchant_product/20161208153936_182_57_kaos2_renamed_12280.jpg', '2016-12-08 15:39:36', '2016-12-08 15:39:36'),
(869, 57, 'public/images/merchant_product/20161208153936_182_57_kaos1_renamed_17900.jpg', '2016-12-08 15:39:36', '2016-12-08 15:39:36'),
(887, 60, 'public/images/merchant_product/20161208154503_182_60_jog4.jpg', '2016-12-08 15:45:03', '2016-12-08 15:45:03'),
(893, 58, 'public/images/merchant_product/20161208155426_182_58_celana2.jpg', '2016-12-08 15:54:26', '2016-12-08 15:54:26'),
(886, 60, 'public/images/merchant_product/20161208154503_182_60_jog3.jpg', '2016-12-08 15:45:03', '2016-12-08 15:45:03'),
(881, 59, 'public/images/merchant_product/20161208154333_182_59_celanapjg2.jpg', '2016-12-08 15:43:33', '2016-12-08 15:43:33'),
(883, 59, 'public/images/merchant_product/20161208154333_182_59_celanapjg4.jpg', '2016-12-08 15:43:33', '2016-12-08 15:43:33'),
(882, 59, 'public/images/merchant_product/20161208154333_182_59_celanapjg3.jpg', '2016-12-08 15:43:33', '2016-12-08 15:43:33'),
(885, 60, 'public/images/merchant_product/20161208154503_182_60_jog2.jpg', '2016-12-08 15:45:03', '2016-12-08 15:45:03'),
(894, 58, 'public/images/merchant_product/20161208155426_182_58_celana3.jpg', '2016-12-08 15:54:26', '2016-12-08 15:54:26'),
(892, 58, 'public/images/merchant_product/20161208155426_182_58_celana1.jpg', '2016-12-08 15:54:26', '2016-12-08 15:54:26'),
(880, 59, 'public/images/merchant_product/20161208154333_182_59_celanapjg1.jpg', '2016-12-08 15:43:33', '2016-12-08 15:43:33'),
(884, 60, 'public/images/merchant_product/20161208154503_182_60_jog1.jpg', '2016-12-08 15:45:03', '2016-12-08 15:45:03'),
(354, 61, 'public/images/merchant_product/20161001120929_182_61_kemeja4.jpg', '2016-10-01 12:09:29', '2016-10-01 12:09:29'),
(353, 61, 'public/images/merchant_product/20161001120928_182_61_kemeja3.jpg', '2016-10-01 12:09:29', '2016-10-01 12:09:29'),
(352, 61, 'public/images/merchant_product/20161001120928_182_61_kemeja2.JPG', '2016-10-01 12:09:28', '2016-10-01 12:09:28'),
(351, 61, 'public/images/merchant_product/20161001120928_182_61_kemeja1.jpg', '2016-10-01 12:09:28', '2016-10-01 12:09:28'),
(390, 62, 'public/images/merchant_product/20161001123345_182_62_merah4.jpg', '2016-10-01 12:33:45', '2016-10-01 12:33:45'),
(389, 62, 'public/images/merchant_product/20161001123344_182_62_merah3.jpg', '2016-10-01 12:33:45', '2016-10-01 12:33:45'),
(388, 62, 'public/images/merchant_product/20161001123342_182_62_merah2.jpg', '2016-10-01 12:33:44', '2016-10-01 12:33:44'),
(394, 63, 'public/images/merchant_product/20161001123916_182_63_topi4.jpg', '2016-10-01 12:39:16', '2016-10-01 12:39:16'),
(393, 63, 'public/images/merchant_product/20161001123915_182_63_topi3.JPG', '2016-10-01 12:39:16', '2016-10-01 12:39:16'),
(392, 63, 'public/images/merchant_product/20161001123915_182_63_topi2.JPG', '2016-10-01 12:39:15', '2016-10-01 12:39:15'),
(391, 63, 'public/images/merchant_product/20161001123915_182_63_topi1.JPG', '2016-10-01 12:39:15', '2016-10-01 12:39:15'),
(387, 62, 'public/images/merchant_product/20161001123333_182_62_merah1.JPG', '2016-10-01 12:33:42', '2016-10-01 12:33:42'),
(398, 64, 'public/images/merchant_product/20161001124002_182_64_kotak4.JPG', '2016-10-01 12:40:06', '2016-10-01 12:40:06'),
(397, 64, 'public/images/merchant_product/20161001124000_182_64_kotak3.jpg', '2016-10-01 12:40:02', '2016-10-01 12:40:02'),
(396, 64, 'public/images/merchant_product/20161001123952_182_64_kotak2.jpg', '2016-10-01 12:40:00', '2016-10-01 12:40:00'),
(395, 64, 'public/images/merchant_product/20161001123952_182_64_kotak1.jpg', '2016-10-01 12:39:52', '2016-10-01 12:39:52'),
(402, 65, 'public/images/merchant_product/20161001124122_182_65_t4.jpg', '2016-10-01 12:41:22', '2016-10-01 12:41:22'),
(401, 65, 'public/images/merchant_product/20161001124122_182_65_t3.jpg', '2016-10-01 12:41:22', '2016-10-01 12:41:22'),
(400, 65, 'public/images/merchant_product/20161001124122_182_65_t2.jpg', '2016-10-01 12:41:22', '2016-10-01 12:41:22'),
(399, 65, 'public/images/merchant_product/20161001124120_182_65_t1.jpg', '2016-10-01 12:41:22', '2016-10-01 12:41:22'),
(350, 66, 'public/images/merchant_product/20160929191040_7_66_001-min.png', '2016-09-29 19:10:40', '2016-09-29 19:10:40'),
(895, 58, 'public/images/merchant_product/20161208155426_182_58_celana4.jpg', '2016-12-08 15:54:26', '2016-12-08 15:54:26'),
(403, 67, 'public/images/merchant_product/20161001124525_182_67_celanapjg.jpg', '2016-10-01 12:45:27', '2016-10-01 12:45:27'),
(404, 67, 'public/images/merchant_product/20161001124528_182_67_celanapjg3.jpg', '2016-10-01 12:45:33', '2016-10-01 12:45:33'),
(405, 67, 'public/images/merchant_product/20161001124533_182_67_celanapjg4.jpg', '2016-10-01 12:45:49', '2016-10-01 12:45:49'),
(406, 67, 'public/images/merchant_product/20161001124549_182_67_celanapjg2.jpg', '2016-10-01 12:45:50', '2016-10-01 12:45:50'),
(407, 68, 'public/images/merchant_product/20161001125916_182_68_IMG_5372.JPG', '2016-10-01 12:59:16', '2016-10-01 12:59:16'),
(408, 68, 'public/images/merchant_product/20161001125916_182_68_IMG_5373.JPG', '2016-10-01 12:59:16', '2016-10-01 12:59:16'),
(409, 68, 'public/images/merchant_product/20161001125916_182_68_IMG_5376.JPG', '2016-10-01 12:59:16', '2016-10-01 12:59:16'),
(410, 68, 'public/images/merchant_product/20161001125916_182_68_IMG_5378.JPG', '2016-10-01 12:59:18', '2016-10-01 12:59:18'),
(411, 69, 'public/images/merchant_product/20161001130133_182_69_celana1.jpg', '2016-10-01 13:01:33', '2016-10-01 13:01:33'),
(412, 69, 'public/images/merchant_product/20161001130133_182_69_celana2.jpg', '2016-10-01 13:01:35', '2016-10-01 13:01:35'),
(413, 69, 'public/images/merchant_product/20161001130135_182_69_celana3.jpg', '2016-10-01 13:01:35', '2016-10-01 13:01:35'),
(414, 69, 'public/images/merchant_product/20161001130135_182_69_celana4.jpg', '2016-10-01 13:01:35', '2016-10-01 13:01:35'),
(415, 70, 'public/images/merchant_product/20161001130550_182_70_jaket001.jpg', '2016-10-01 13:05:50', '2016-10-01 13:05:50'),
(416, 70, 'public/images/merchant_product/20161001130550_182_70_jaket002.jpg', '2016-10-01 13:05:50', '2016-10-01 13:05:50'),
(417, 70, 'public/images/merchant_product/20161001130550_182_70_jaket003.jpg', '2016-10-01 13:05:50', '2016-10-01 13:05:50'),
(418, 70, 'public/images/merchant_product/20161001130550_182_70_jaket004.jpg', '2016-10-01 13:05:50', '2016-10-01 13:05:50'),
(419, 71, 'public/images/merchant_product/20161001130611_182_71_kotak1.jpg', '2016-10-01 13:06:11', '2016-10-01 13:06:11'),
(420, 71, 'public/images/merchant_product/20161001130611_182_71_kotak2.JPG', '2016-10-01 13:06:12', '2016-10-01 13:06:12'),
(421, 71, 'public/images/merchant_product/20161001130612_182_71_kotak3.jpg', '2016-10-01 13:06:12', '2016-10-01 13:06:12'),
(422, 71, 'public/images/merchant_product/20161001130612_182_71_kotak4.jpg', '2016-10-01 13:06:12', '2016-10-01 13:06:12'),
(423, 72, 'public/images/merchant_product/20161001131321_182_72_abu1.jpg', '2016-10-01 13:13:21', '2016-10-01 13:13:21'),
(424, 72, 'public/images/merchant_product/20161001131321_182_72_abu2.jpg', '2016-10-01 13:13:21', '2016-10-01 13:13:21'),
(425, 72, 'public/images/merchant_product/20161001131321_182_72_abu3.jpg', '2016-10-01 13:13:21', '2016-10-01 13:13:21'),
(426, 72, 'public/images/merchant_product/20161001131321_182_72_abu4.jpg', '2016-10-01 13:13:21', '2016-10-01 13:13:21'),
(427, 73, 'public/images/merchant_product/20161001131345_182_73_celana1.jpg', '2016-10-01 13:13:45', '2016-10-01 13:13:45'),
(428, 73, 'public/images/merchant_product/20161001131345_182_73_celana2.jpg', '2016-10-01 13:13:45', '2016-10-01 13:13:45'),
(429, 73, 'public/images/merchant_product/20161001131345_182_73_celana3.jpg', '2016-10-01 13:13:46', '2016-10-01 13:13:46'),
(430, 73, 'public/images/merchant_product/20161001131346_182_73_celana4.jpg', '2016-10-01 13:13:46', '2016-10-01 13:13:46'),
(431, 74, 'public/images/merchant_product/20161001132206_182_74_mobil1.jpg', '2016-10-01 13:22:06', '2016-10-01 13:22:06'),
(432, 74, 'public/images/merchant_product/20161001132206_182_74_mobil2.jpg', '2016-10-01 13:22:06', '2016-10-01 13:22:06'),
(433, 74, 'public/images/merchant_product/20161001132206_182_74_mobil3.JPG', '2016-10-01 13:22:06', '2016-10-01 13:22:06'),
(434, 75, 'public/images/merchant_product/20161001132426_182_75_polo1.jpg', '2016-10-01 13:24:26', '2016-10-01 13:24:26'),
(435, 75, 'public/images/merchant_product/20161001132426_182_75_polo2.jpg', '2016-10-01 13:24:26', '2016-10-01 13:24:26'),
(436, 75, 'public/images/merchant_product/20161001132426_182_75_polo3.jpg', '2016-10-01 13:24:26', '2016-10-01 13:24:26'),
(437, 75, 'public/images/merchant_product/20161001132426_182_75_polo4.jpg', '2016-10-01 13:24:26', '2016-10-01 13:24:26'),
(438, 76, 'public/images/merchant_product/20161001132559_182_76_bb1.JPG', '2016-10-01 13:26:01', '2016-10-01 13:26:01'),
(439, 76, 'public/images/merchant_product/20161001132601_182_76_bb2.JPG', '2016-10-01 13:26:01', '2016-10-01 13:26:01'),
(440, 76, 'public/images/merchant_product/20161001132601_182_76_bb3.jpg', '2016-10-01 13:26:01', '2016-10-01 13:26:01'),
(441, 76, 'public/images/merchant_product/20161001132601_182_76_bb4.jpg', '2016-10-01 13:26:01', '2016-10-01 13:26:01'),
(442, 74, 'public/images/merchant_product/20161001133601_182_74_mobil4.jpg', '2016-10-01 13:36:01', '2016-10-01 13:36:01'),
(443, 77, 'public/images/merchant_product/20161001133729_182_77_kotak1.jpg', '2016-10-01 13:37:29', '2016-10-01 13:37:29'),
(444, 78, 'public/images/merchant_product/20161001133855_182_78_polo1.jpg', '2016-10-01 13:38:55', '2016-10-01 13:38:55'),
(445, 79, 'public/images/merchant_product/20161001133958_182_79_s1.jpg', '2016-10-01 13:39:58', '2016-10-01 13:39:58'),
(446, 80, 'public/images/merchant_product/20161001134237_182_80_IMG_5390.JPG', '2016-10-01 13:42:39', '2016-10-01 13:42:39'),
(447, 80, 'public/images/merchant_product/20161001134239_182_80_IMG_5392.JPG', '2016-10-01 13:42:39', '2016-10-01 13:42:39'),
(448, 78, 'public/images/merchant_product/20161001135009_182_78_polo2.jpg', '2016-10-01 13:50:09', '2016-10-01 13:50:09'),
(449, 81, 'public/images/merchant_product/20161001135550_182_81_kaos1-min.JPG', '2016-10-01 13:55:50', '2016-10-01 13:55:50'),
(450, 81, 'public/images/merchant_product/20161001135550_182_81_kaos2-min.jpg', '2016-10-01 13:55:50', '2016-10-01 13:55:50'),
(451, 81, 'public/images/merchant_product/20161001135550_182_81_kaos3-min.jpg', '2016-10-01 13:55:51', '2016-10-01 13:55:51'),
(452, 81, 'public/images/merchant_product/20161001135551_182_81_kaos4-min.JPG', '2016-10-01 13:55:51', '2016-10-01 13:55:51'),
(453, 77, 'public/images/merchant_product/20161001135749_182_77_kotak2-min.jpg', '2016-10-01 13:57:49', '2016-10-01 13:57:49'),
(454, 77, 'public/images/merchant_product/20161001135749_182_77_kotak3-min.jpg', '2016-10-01 13:57:49', '2016-10-01 13:57:49'),
(455, 77, 'public/images/merchant_product/20161001135749_182_77_kotak4-min.jpg', '2016-10-01 13:57:49', '2016-10-01 13:57:49'),
(456, 78, 'public/images/merchant_product/20161001135914_182_78_polo3.jpg', '2016-10-01 13:59:14', '2016-10-01 13:59:14'),
(457, 78, 'public/images/merchant_product/20161001135950_182_78_polo4.jpg', '2016-10-01 13:59:50', '2016-10-01 13:59:50'),
(458, 80, 'public/images/merchant_product/20161001140022_182_80_IMG_5403.JPG', '2016-10-01 14:00:22', '2016-10-01 14:00:22'),
(459, 80, 'public/images/merchant_product/20161001140112_182_80_IMG_5404.JPG', '2016-10-01 14:01:12', '2016-10-01 14:01:12'),
(460, 79, 'public/images/merchant_product/20161001140659_182_79_s2.jpg', '2016-10-01 14:06:59', '2016-10-01 14:06:59'),
(461, 79, 'public/images/merchant_product/20161001140732_182_79_s3.jpg', '2016-10-01 14:07:32', '2016-10-01 14:07:32'),
(462, 79, 'public/images/merchant_product/20161001141035_182_79_s4-min.jpg', '2016-10-01 14:10:35', '2016-10-01 14:10:35'),
(463, 82, 'public/images/merchant_product/20161001154056_182_82_IMG_5466-min.JPG', '2016-10-01 15:40:56', '2016-10-01 15:40:56'),
(464, 82, 'public/images/merchant_product/20161001154056_182_82_IMG_5469-min.JPG', '2016-10-01 15:40:56', '2016-10-01 15:40:56'),
(465, 82, 'public/images/merchant_product/20161001154056_182_82_IMG_5470-min.JPG', '2016-10-01 15:40:56', '2016-10-01 15:40:56'),
(466, 82, 'public/images/merchant_product/20161001154056_182_82_IMG_5472-min.JPG', '2016-10-01 15:40:56', '2016-10-01 15:40:56'),
(467, 83, 'public/images/merchant_product/20161001155516_182_83_IMG_5503-min.JPG', '2016-10-01 15:55:16', '2016-10-01 15:55:16'),
(468, 83, 'public/images/merchant_product/20161001155516_182_83_IMG_5506-min.JPG', '2016-10-01 15:55:16', '2016-10-01 15:55:16'),
(469, 83, 'public/images/merchant_product/20161001155516_182_83_IMG_5508-min.JPG', '2016-10-01 15:55:16', '2016-10-01 15:55:16'),
(470, 83, 'public/images/merchant_product/20161001155516_182_83_IMG_5512-min.JPG', '2016-10-01 15:55:16', '2016-10-01 15:55:16'),
(471, 84, 'public/images/merchant_product/20161001155830_182_84_IMG_5525-min.JPG', '2016-10-01 15:58:30', '2016-10-01 15:58:30'),
(472, 84, 'public/images/merchant_product/20161001155830_182_84_IMG_5527-min.JPG', '2016-10-01 15:58:30', '2016-10-01 15:58:30'),
(473, 84, 'public/images/merchant_product/20161001155830_182_84_IMG_5528-min.JPG', '2016-10-01 15:58:30', '2016-10-01 15:58:30'),
(474, 84, 'public/images/merchant_product/20161001155830_182_84_IMG_5531-min.JPG', '2016-10-01 15:58:30', '2016-10-01 15:58:30'),
(475, 85, 'public/images/merchant_product/20161001160052_182_85_IMG_5534-min.JPG', '2016-10-01 16:00:55', '2016-10-01 16:00:55'),
(476, 85, 'public/images/merchant_product/20161001160055_182_85_IMG_5535-min.JPG', '2016-10-01 16:00:55', '2016-10-01 16:00:55'),
(477, 85, 'public/images/merchant_product/20161001160055_182_85_IMG_5536-min.JPG', '2016-10-01 16:00:55', '2016-10-01 16:00:55'),
(478, 85, 'public/images/merchant_product/20161001160055_182_85_IMG_5537-min.JPG', '2016-10-01 16:00:55', '2016-10-01 16:00:55'),
(479, 86, 'public/images/merchant_product/20161001160231_182_86_IMG_5544-min.JPG', '2016-10-01 16:02:31', '2016-10-01 16:02:31'),
(480, 86, 'public/images/merchant_product/20161001160231_182_86_IMG_5545-min.JPG', '2016-10-01 16:02:32', '2016-10-01 16:02:32'),
(481, 86, 'public/images/merchant_product/20161001160232_182_86_IMG_5547-min.JPG', '2016-10-01 16:02:32', '2016-10-01 16:02:32'),
(482, 86, 'public/images/merchant_product/20161001160232_182_86_IMG_5550-min.JPG', '2016-10-01 16:02:32', '2016-10-01 16:02:32'),
(483, 87, 'public/images/merchant_product/20161001160617_182_87_jaket001.JPG', '2016-10-01 16:06:17', '2016-10-01 16:06:17'),
(484, 87, 'public/images/merchant_product/20161001160617_182_87_jaket002.jpg', '2016-10-01 16:06:19', '2016-10-01 16:06:19'),
(485, 87, 'public/images/merchant_product/20161001160619_182_87_jaket003.jpg', '2016-10-01 16:06:19', '2016-10-01 16:06:19'),
(486, 87, 'public/images/merchant_product/20161001160619_182_87_jaket004.jpg', '2016-10-01 16:06:19', '2016-10-01 16:06:19'),
(487, 88, 'public/images/merchant_product/20161001160850_182_88_ikat1-min.jpg', '2016-10-01 16:08:50', '2016-10-01 16:08:50'),
(488, 88, 'public/images/merchant_product/20161001160850_182_88_ikat2-min.jpg', '2016-10-01 16:08:50', '2016-10-01 16:08:50'),
(489, 88, 'public/images/merchant_product/20161001160850_182_88_ikat3-min.jpg', '2016-10-01 16:08:50', '2016-10-01 16:08:50'),
(490, 89, 'public/images/merchant_product/20161001161310_182_89_IMG_5429.JPG', '2016-10-01 16:13:10', '2016-10-01 16:13:10'),
(491, 89, 'public/images/merchant_product/20161001161310_182_89_IMG_5434.JPG', '2016-10-01 16:13:10', '2016-10-01 16:13:10'),
(492, 89, 'public/images/merchant_product/20161001161310_182_89_IMG_5438.JPG', '2016-10-01 16:13:10', '2016-10-01 16:13:10'),
(493, 89, 'public/images/merchant_product/20161001161310_182_89_IMG_5436.JPG', '2016-10-01 16:13:12', '2016-10-01 16:13:12'),
(494, 90, 'public/images/merchant_product/20161001161827_182_90_h1.jpg', '2016-10-01 16:18:27', '2016-10-01 16:18:27'),
(495, 90, 'public/images/merchant_product/20161001161827_182_90_h2.JPG', '2016-10-01 16:18:27', '2016-10-01 16:18:27'),
(496, 90, 'public/images/merchant_product/20161001161827_182_90_h3.JPG', '2016-10-01 16:18:28', '2016-10-01 16:18:28'),
(497, 90, 'public/images/merchant_product/20161001161828_182_90_h4.JPG', '2016-10-01 16:18:28', '2016-10-01 16:18:28'),
(498, 91, 'public/images/merchant_product/20161001163357_182_91_IMG_5558.JPG', '2016-10-01 16:33:57', '2016-10-01 16:33:57'),
(499, 91, 'public/images/merchant_product/20161001163357_182_91_IMG_5562.JPG', '2016-10-01 16:33:57', '2016-10-01 16:33:57'),
(500, 91, 'public/images/merchant_product/20161001163357_182_91_IMG_5563.JPG', '2016-10-01 16:33:57', '2016-10-01 16:33:57'),
(501, 91, 'public/images/merchant_product/20161001163357_182_91_IMG_5565.JPG', '2016-10-01 16:33:57', '2016-10-01 16:33:57'),
(502, 92, 'public/images/merchant_product/20161001164133_182_92_1-min.JPG', '2016-10-01 16:41:33', '2016-10-01 16:41:33'),
(503, 92, 'public/images/merchant_product/20161001164133_182_92_2-min.jpg', '2016-10-01 16:41:33', '2016-10-01 16:41:33'),
(504, 92, 'public/images/merchant_product/20161001164133_182_92_3-min.jpg', '2016-10-01 16:41:33', '2016-10-01 16:41:33'),
(505, 93, 'public/images/merchant_product/20161001170016_182_93_IMG_5479-min.JPG', '2016-10-01 17:00:16', '2016-10-01 17:00:16'),
(506, 93, 'public/images/merchant_product/20161001170016_182_93_IMG_5481-min.JPG', '2016-10-01 17:00:16', '2016-10-01 17:00:16'),
(507, 93, 'public/images/merchant_product/20161001170016_182_93_IMG_5482-min.JPG', '2016-10-01 17:00:16', '2016-10-01 17:00:16'),
(508, 93, 'public/images/merchant_product/20161001170016_182_93_IMG_5484-min.JPG', '2016-10-01 17:00:18', '2016-10-01 17:00:18'),
(509, 94, 'public/images/merchant_product/20161001171853_182_94_IMG_5497-min.JPG', '2016-10-01 17:18:53', '2016-10-01 17:18:53'),
(510, 94, 'public/images/merchant_product/20161001171853_182_94_IMG_5498-min.JPG', '2016-10-01 17:18:53', '2016-10-01 17:18:53'),
(511, 94, 'public/images/merchant_product/20161001171853_182_94_IMG_5500-min.JPG', '2016-10-01 17:18:53', '2016-10-01 17:18:53'),
(512, 94, 'public/images/merchant_product/20161001171853_182_94_IMG_5501-min.JPG', '2016-10-01 17:18:53', '2016-10-01 17:18:53'),
(513, 95, 'public/images/merchant_product/20161001190327_182_95_polo1-min.JPG', '2016-10-01 19:03:27', '2016-10-01 19:03:27'),
(514, 95, 'public/images/merchant_product/20161001190327_182_95_polo2-min.JPG', '2016-10-01 19:03:27', '2016-10-01 19:03:27'),
(515, 95, 'public/images/merchant_product/20161001190327_182_95_polo3-min.JPG', '2016-10-01 19:03:27', '2016-10-01 19:03:27'),
(516, 95, 'public/images/merchant_product/20161001190327_182_95_polo4-min.jpg', '2016-10-01 19:03:27', '2016-10-01 19:03:27'),
(517, 96, 'public/images/merchant_product/20161001191701_182_96_topi1.JPG', '2016-10-01 19:17:01', '2016-10-01 19:17:01'),
(518, 96, 'public/images/merchant_product/20161001191701_182_96_topi2.jpg', '2016-10-01 19:17:01', '2016-10-01 19:17:01'),
(519, 96, 'public/images/merchant_product/20161001191701_182_96_topi3.jpg', '2016-10-01 19:17:03', '2016-10-01 19:17:03'),
(520, 96, 'public/images/merchant_product/20161001191703_182_96_topi4.jpg', '2016-10-01 19:17:03', '2016-10-01 19:17:03'),
(521, 97, 'public/images/merchant_product/20161001193718_182_97_kaos1.JPG', '2016-10-01 19:37:18', '2016-10-01 19:37:18'),
(522, 97, 'public/images/merchant_product/20161001193718_182_97_kaos2.JPG', '2016-10-01 19:37:19', '2016-10-01 19:37:19'),
(523, 97, 'public/images/merchant_product/20161001193719_182_97_kaos3.JPG', '2016-10-01 19:37:19', '2016-10-01 19:37:19'),
(524, 97, 'public/images/merchant_product/20161001193719_182_97_kaos4.jpg', '2016-10-01 19:37:19', '2016-10-01 19:37:19'),
(525, 98, 'public/images/merchant_product/20161001194222_182_98_IMG_5459.JPG', '2016-10-01 19:42:22', '2016-10-01 19:42:22'),
(526, 98, 'public/images/merchant_product/20161001194222_182_98_IMG_5460.JPG', '2016-10-01 19:42:22', '2016-10-01 19:42:22'),
(527, 98, 'public/images/merchant_product/20161001194222_182_98_IMG_5462.JPG', '2016-10-01 19:42:22', '2016-10-01 19:42:22'),
(528, 98, 'public/images/merchant_product/20161001194222_182_98_IMG_5465 copy.jpg', '2016-10-01 19:42:22', '2016-10-01 19:42:22'),
(529, 99, 'public/images/merchant_product/20161001194334_182_99_1.JPG', '2016-10-01 19:43:34', '2016-10-01 19:43:34'),
(530, 99, 'public/images/merchant_product/20161001194334_182_99_2.JPG', '2016-10-01 19:43:34', '2016-10-01 19:43:34'),
(531, 99, 'public/images/merchant_product/20161001194334_182_99_3.JPG', '2016-10-01 19:43:34', '2016-10-01 19:43:34'),
(532, 100, 'public/images/merchant_product/20161001195131_182_100_r1.jpg', '2016-10-01 19:51:31', '2016-10-01 19:51:31'),
(533, 100, 'public/images/merchant_product/20161001195806_182_100_r2.jpg', '2016-10-01 19:58:06', '2016-10-01 19:58:06'),
(534, 100, 'public/images/merchant_product/20161001195806_182_100_r3.jpg', '2016-10-01 19:58:06', '2016-10-01 19:58:06'),
(535, 101, 'public/images/merchant_product/20161001201801_182_101_keset001.jpg', '2016-10-01 20:18:01', '2016-10-01 20:18:01'),
(536, 102, 'public/images/merchant_product/20161001202731_182_102_kipas.jpg', '2016-10-01 20:27:31', '2016-10-01 20:27:31'),
(537, 102, 'public/images/merchant_product/20161001202731_182_102_kipas1.jpg', '2016-10-01 20:27:31', '2016-10-01 20:27:31'),
(538, 103, 'public/images/merchant_product/20161001203119_182_103_k1.jpg', '2016-10-01 20:31:19', '2016-10-01 20:31:19'),
(539, 103, 'public/images/merchant_product/20161001203119_182_103_k2.jpg', '2016-10-01 20:31:19', '2016-10-01 20:31:19'),
(540, 103, 'public/images/merchant_product/20161001203119_182_103_k3.jpg', '2016-10-01 20:31:20', '2016-10-01 20:31:20'),
(541, 103, 'public/images/merchant_product/20161001203120_182_103_k4.jpg', '2016-10-01 20:31:20', '2016-10-01 20:31:20'),
(542, 104, 'public/images/merchant_product/20161003131353_10_104_IMG_20161003_072516.jpg', '2016-10-03 13:13:53', '2016-10-03 13:13:53'),
(543, 105, 'public/images/merchant_product/20161003131600_10_105_share.jpg', '2016-10-03 13:16:00', '2016-10-03 13:16:00'),
(544, 106, 'public/images/merchant_product/20161003131718_10_106_IMG_20160828_115105.jpg', '2016-10-03 13:17:18', '2016-10-03 13:17:18'),
(545, 107, 'public/images/merchant_product/20161003131819_10_107_IMG_20160827_140508.jpg', '2016-10-03 13:18:19', '2016-10-03 13:18:19'),
(546, 108, 'public/images/merchant_product/20161003131917_10_108_IMG_20160825_110302.jpg', '2016-10-03 13:19:17', '2016-10-03 13:19:17'),
(547, 109, 'public/images/merchant_product/20161003132141_10_109_IMG_20160821_073205.jpg', '2016-10-03 13:21:41', '2016-10-03 13:21:41'),
(548, 110, 'public/images/merchant_product/20161003163507_183_110_farm.png', '2016-10-03 16:35:07', '2016-10-03 16:35:07'),
(549, 111, 'public/images/merchant_product/20161004140743_186_111_hmvneck.jpg', '2016-10-04 14:07:43', '2016-10-04 14:07:43'),
(550, 112, 'public/images/merchant_product/20161006140428_7_112_001-min.png', '2016-10-06 14:04:28', '2016-10-06 14:04:28'),
(551, 112, 'public/images/merchant_product/20161006140428_7_112_002-min.png', '2016-10-06 14:04:28', '2016-10-06 14:04:28'),
(552, 112, 'public/images/merchant_product/20161006140507_7_112_003-min.png', '2016-10-06 14:05:10', '2016-10-06 14:05:10'),
(553, 112, 'public/images/merchant_product/20161006140510_7_112_004-min.png', '2016-10-06 14:05:10', '2016-10-06 14:05:10'),
(554, 113, 'public/images/merchant_product/20161006140657_7_113_006-min.png', '2016-10-06 14:06:57', '2016-10-06 14:06:57'),
(555, 113, 'public/images/merchant_product/20161006140657_7_113_007-min.png', '2016-10-06 14:06:57', '2016-10-06 14:06:57'),
(556, 113, 'public/images/merchant_product/20161006140657_7_113_008-min.png', '2016-10-06 14:06:57', '2016-10-06 14:06:57'),
(557, 113, 'public/images/merchant_product/20161006140657_7_113_009-min.png', '2016-10-06 14:06:57', '2016-10-06 14:06:57'),
(558, 114, 'public/images/merchant_product/20161006140907_7_114_011-min.png', '2016-10-06 14:09:07', '2016-10-06 14:09:07'),
(559, 114, 'public/images/merchant_product/20161006140907_7_114_012-min.png', '2016-10-06 14:09:07', '2016-10-06 14:09:07'),
(560, 114, 'public/images/merchant_product/20161006140907_7_114_013-min.png', '2016-10-06 14:09:07', '2016-10-06 14:09:07'),
(561, 115, 'public/images/merchant_product/20161006141031_7_115_016-min.png', '2016-10-06 14:10:31', '2016-10-06 14:10:31'),
(562, 115, 'public/images/merchant_product/20161006141032_7_115_018-min.png', '2016-10-06 14:10:32', '2016-10-06 14:10:32'),
(563, 115, 'public/images/merchant_product/20161006141032_7_115_019-min.png', '2016-10-06 14:10:32', '2016-10-06 14:10:32'),
(564, 116, 'public/images/merchant_product/20161006141217_7_116_021-min.png', '2016-10-06 14:12:17', '2016-10-06 14:12:17'),
(565, 116, 'public/images/merchant_product/20161006141217_7_116_022-min.png', '2016-10-06 14:12:17', '2016-10-06 14:12:17'),
(566, 116, 'public/images/merchant_product/20161006141217_7_116_023-min.png', '2016-10-06 14:12:17', '2016-10-06 14:12:17'),
(567, 116, 'public/images/merchant_product/20161006141217_7_116_024-min.png', '2016-10-06 14:12:17', '2016-10-06 14:12:17'),
(568, 117, 'public/images/merchant_product/20161006141431_7_117_026-min.png', '2016-10-06 14:14:31', '2016-10-06 14:14:31'),
(569, 117, 'public/images/merchant_product/20161006141431_7_117_027-min.png', '2016-10-06 14:14:31', '2016-10-06 14:14:31'),
(570, 117, 'public/images/merchant_product/20161006141431_7_117_028-min.png', '2016-10-06 14:14:31', '2016-10-06 14:14:31'),
(571, 117, 'public/images/merchant_product/20161006141431_7_117_029-min.png', '2016-10-06 14:14:31', '2016-10-06 14:14:31'),
(572, 118, 'public/images/merchant_product/20161006141540_7_118_031-min.png', '2016-10-06 14:15:40', '2016-10-06 14:15:40'),
(573, 118, 'public/images/merchant_product/20161006141540_7_118_032-min.png', '2016-10-06 14:15:40', '2016-10-06 14:15:40'),
(574, 118, 'public/images/merchant_product/20161006141540_7_118_033-min.png', '2016-10-06 14:15:40', '2016-10-06 14:15:40'),
(575, 118, 'public/images/merchant_product/20161006141540_7_118_034-min.png', '2016-10-06 14:15:40', '2016-10-06 14:15:40'),
(576, 119, 'public/images/merchant_product/20161006141640_7_119_036-min.png', '2016-10-06 14:16:40', '2016-10-06 14:16:40'),
(577, 119, 'public/images/merchant_product/20161006141640_7_119_037-min.png', '2016-10-06 14:16:40', '2016-10-06 14:16:40'),
(578, 119, 'public/images/merchant_product/20161006141640_7_119_038-min.png', '2016-10-06 14:16:40', '2016-10-06 14:16:40'),
(579, 119, 'public/images/merchant_product/20161006141640_7_119_039-min.png', '2016-10-06 14:16:40', '2016-10-06 14:16:40'),
(580, 120, 'public/images/merchant_product/20161013120818_183_120_Watch-35_1.jpg', '2016-10-13 12:08:18', '2016-10-13 12:08:18'),
(581, 120, 'public/images/merchant_product/20161013120818_183_120_Watch-35_2.jpg', '2016-10-13 12:08:18', '2016-10-13 12:08:18'),
(582, 120, 'public/images/merchant_product/20161013120818_183_120_Watch-35_3.jpg', '2016-10-13 12:08:18', '2016-10-13 12:08:18'),
(583, 121, 'public/images/merchant_product/20161013121048_183_121_Watch-36_1.jpg', '2016-10-13 12:10:48', '2016-10-13 12:10:48'),
(584, 121, 'public/images/merchant_product/20161013121048_183_121_Watch-36_2.jpg', '2016-10-13 12:10:48', '2016-10-13 12:10:48'),
(585, 121, 'public/images/merchant_product/20161013121048_183_121_Watch-36_3.jpg', '2016-10-13 12:10:48', '2016-10-13 12:10:48'),
(586, 122, 'public/images/merchant_product/20161013121252_183_122_Watch-37_1.jpg', '2016-10-13 12:12:52', '2016-10-13 12:12:52'),
(587, 122, 'public/images/merchant_product/20161013121252_183_122_Watch-37_2.jpg', '2016-10-13 12:12:52', '2016-10-13 12:12:52'),
(588, 122, 'public/images/merchant_product/20161013121252_183_122_Watch-37_3.jpg', '2016-10-13 12:12:52', '2016-10-13 12:12:52'),
(589, 123, 'public/images/merchant_product/20161013121418_183_123_Watch-38_1.jpg', '2016-10-13 12:14:20', '2016-10-13 12:14:20'),
(590, 123, 'public/images/merchant_product/20161013121420_183_123_Watch-38_2.jpg', '2016-10-13 12:14:20', '2016-10-13 12:14:20'),
(591, 123, 'public/images/merchant_product/20161013121420_183_123_Watch-38_3.jpg', '2016-10-13 12:14:20', '2016-10-13 12:14:20'),
(592, 124, 'public/images/merchant_product/20161013121646_183_124_Watch-40_1.jpg', '2016-10-13 12:16:46', '2016-10-13 12:16:46'),
(593, 124, 'public/images/merchant_product/20161013121646_183_124_Watch-40_2.jpg', '2016-10-13 12:16:46', '2016-10-13 12:16:46'),
(594, 124, 'public/images/merchant_product/20161013121646_183_124_Watch-40_3.jpg', '2016-10-13 12:16:46', '2016-10-13 12:16:46'),
(595, 125, 'public/images/merchant_product/20161013121836_183_125_Watch-41_1.jpg', '2016-10-13 12:18:36', '2016-10-13 12:18:36'),
(596, 125, 'public/images/merchant_product/20161013121836_183_125_Watch-41_3.jpg', '2016-10-13 12:18:36', '2016-10-13 12:18:36'),
(597, 126, 'public/images/merchant_product/20161013121948_183_126_Watch-42_1.jpg', '2016-10-13 12:19:48', '2016-10-13 12:19:48'),
(598, 126, 'public/images/merchant_product/20161013121948_183_126_Watch-42_3.jpg', '2016-10-13 12:19:48', '2016-10-13 12:19:48'),
(599, 126, 'public/images/merchant_product/20161013121948_183_126_Watch-42_2.jpg', '2016-10-13 12:19:48', '2016-10-13 12:19:48'),
(600, 127, 'public/images/merchant_product/20161013122057_183_127_Watch-43_1.jpg', '2016-10-13 12:20:57', '2016-10-13 12:20:57'),
(601, 127, 'public/images/merchant_product/20161013122057_183_127_Watch-43_2.jpg', '2016-10-13 12:20:57', '2016-10-13 12:20:57'),
(602, 127, 'public/images/merchant_product/20161013122238_183_127_Watch-43_3.jpg', '2016-10-13 12:22:38', '2016-10-13 12:22:38'),
(603, 128, 'public/images/merchant_product/20161013122503_183_128_Watch-45_1.jpg', '2016-10-13 12:25:03', '2016-10-13 12:25:03'),
(604, 128, 'public/images/merchant_product/20161013122503_183_128_Watch-45_2.jpg', '2016-10-13 12:25:03', '2016-10-13 12:25:03'),
(605, 128, 'public/images/merchant_product/20161013122503_183_128_Watch-45_3.jpg', '2016-10-13 12:25:03', '2016-10-13 12:25:03'),
(606, 129, 'public/images/merchant_product/20161013122927_183_129_Watch-47_1.jpg', '2016-10-13 12:29:27', '2016-10-13 12:29:27'),
(607, 129, 'public/images/merchant_product/20161013122927_183_129_Watch-47_2.jpg', '2016-10-13 12:29:27', '2016-10-13 12:29:27'),
(608, 129, 'public/images/merchant_product/20161013122927_183_129_Watch-47_3.jpg', '2016-10-13 12:29:27', '2016-10-13 12:29:27'),
(609, 130, 'public/images/merchant_product/20161013122945_183_130_Watch-47_1.jpg', '2016-10-13 12:29:45', '2016-10-13 12:29:45'),
(610, 130, 'public/images/merchant_product/20161013122945_183_130_Watch-47_2.jpg', '2016-10-13 12:29:45', '2016-10-13 12:29:45'),
(611, 130, 'public/images/merchant_product/20161013122945_183_130_Watch-47_3.jpg', '2016-10-13 12:29:45', '2016-10-13 12:29:45'),
(612, 131, 'public/images/merchant_product/20161013123222_183_131_Watch-48_1.jpg', '2016-10-13 12:32:22', '2016-10-13 12:32:22'),
(613, 131, 'public/images/merchant_product/20161013123222_183_131_Watch-48_2.jpg', '2016-10-13 12:32:22', '2016-10-13 12:32:22'),
(614, 131, 'public/images/merchant_product/20161013123222_183_131_Watch-48_3.jpg', '2016-10-13 12:32:22', '2016-10-13 12:32:22'),
(615, 132, 'public/images/merchant_product/20161013123453_183_132_Watch-49_1.jpg', '2016-10-13 12:34:53', '2016-10-13 12:34:53'),
(616, 132, 'public/images/merchant_product/20161013123453_183_132_Watch-49_2.jpg', '2016-10-13 12:34:53', '2016-10-13 12:34:53'),
(617, 132, 'public/images/merchant_product/20161013123453_183_132_Watch-49_3.jpg', '2016-10-13 12:34:53', '2016-10-13 12:34:53'),
(618, 133, 'public/images/merchant_product/20161013123624_183_133_Watch-50_1.jpg', '2016-10-13 12:36:24', '2016-10-13 12:36:24'),
(619, 133, 'public/images/merchant_product/20161013123624_183_133_Watch-50_2.jpg', '2016-10-13 12:36:24', '2016-10-13 12:36:24'),
(620, 133, 'public/images/merchant_product/20161013123624_183_133_Watch-50_3.jpg', '2016-10-13 12:36:24', '2016-10-13 12:36:24'),
(621, 134, 'public/images/merchant_product/20161013123816_183_134_Watch-44_1.jpg', '2016-10-13 12:38:16', '2016-10-13 12:38:16'),
(622, 134, 'public/images/merchant_product/20161013123816_183_134_Watch-44_2.jpg', '2016-10-13 12:38:16', '2016-10-13 12:38:16'),
(623, 134, 'public/images/merchant_product/20161013123816_183_134_Watch-44_3.jpg', '2016-10-13 12:38:16', '2016-10-13 12:38:16'),
(624, 135, 'public/images/merchant_product/20161013123930_183_135_Watch-52_1.jpg', '2016-10-13 12:39:30', '2016-10-13 12:39:30'),
(625, 135, 'public/images/merchant_product/20161013123930_183_135_Watch-52_2.jpg', '2016-10-13 12:39:30', '2016-10-13 12:39:30'),
(626, 135, 'public/images/merchant_product/20161013123930_183_135_Watch-52_3.jpg', '2016-10-13 12:39:30', '2016-10-13 12:39:30'),
(627, 136, 'public/images/merchant_product/20161013124119_183_136_Watch-49_1.jpg', '2016-10-13 12:41:19', '2016-10-13 12:41:19'),
(628, 136, 'public/images/merchant_product/20161013124119_183_136_Watch-49_2.jpg', '2016-10-13 12:41:19', '2016-10-13 12:41:19'),
(629, 136, 'public/images/merchant_product/20161013124119_183_136_Watch-49_3.jpg', '2016-10-13 12:41:19', '2016-10-13 12:41:19'),
(630, 137, 'public/images/merchant_product/20161013124557_183_137_Watch-54_1.jpg', '2016-10-13 12:45:57', '2016-10-13 12:45:57'),
(631, 137, 'public/images/merchant_product/20161013124557_183_137_Watch-54_2.jpg', '2016-10-13 12:45:57', '2016-10-13 12:45:57'),
(632, 137, 'public/images/merchant_product/20161013124557_183_137_Watch-54_3.jpg', '2016-10-13 12:45:57', '2016-10-13 12:45:57'),
(633, 138, 'public/images/merchant_product/20161013124651_183_138_Watch-55_1.jpg', '2016-10-13 12:46:51', '2016-10-13 12:46:51'),
(634, 138, 'public/images/merchant_product/20161013124651_183_138_Watch-55_2.jpg', '2016-10-13 12:46:51', '2016-10-13 12:46:51'),
(635, 138, 'public/images/merchant_product/20161013124651_183_138_Watch-55_3.jpg', '2016-10-13 12:46:51', '2016-10-13 12:46:51'),
(636, 139, 'public/images/merchant_product/20161013124848_183_139_Watch-51_1.jpg', '2016-10-13 12:48:48', '2016-10-13 12:48:48'),
(637, 139, 'public/images/merchant_product/20161013124848_183_139_Watch-51_2.jpg', '2016-10-13 12:48:48', '2016-10-13 12:48:48'),
(638, 139, 'public/images/merchant_product/20161013124848_183_139_Watch-51_3.jpg', '2016-10-13 12:48:50', '2016-10-13 12:48:50'),
(639, 140, 'public/images/merchant_product/20161013125114_183_140_Watch-38_1.jpg', '2016-10-13 12:51:14', '2016-10-13 12:51:14'),
(640, 140, 'public/images/merchant_product/20161013125114_183_140_Watch-38_2.jpg', '2016-10-13 12:51:14', '2016-10-13 12:51:14'),
(641, 140, 'public/images/merchant_product/20161013125114_183_140_Watch-38_3.jpg', '2016-10-13 12:51:14', '2016-10-13 12:51:14'),
(642, 141, 'public/images/merchant_product/20161013125253_183_141_Watch-39_1.jpg', '2016-10-13 12:52:53', '2016-10-13 12:52:53'),
(643, 141, 'public/images/merchant_product/20161013125253_183_141_Watch-39_2.jpg', '2016-10-13 12:52:53', '2016-10-13 12:52:53'),
(644, 141, 'public/images/merchant_product/20161013125253_183_141_Watch-37_3.jpg', '2016-10-13 12:52:53', '2016-10-13 12:52:53'),
(645, 142, 'public/images/merchant_product/20161013125423_183_142_Watch-40_1.jpg', '2016-10-13 12:54:23', '2016-10-13 12:54:23'),
(646, 142, 'public/images/merchant_product/20161013125423_183_142_Watch-40_2.jpg', '2016-10-13 12:54:23', '2016-10-13 12:54:23'),
(647, 142, 'public/images/merchant_product/20161013125423_183_142_Watch-40_3.jpg', '2016-10-13 12:54:23', '2016-10-13 12:54:23');
INSERT INTO `product_image` (`id`, `product_id`, `image_link`, `created_at`, `updated_at`) VALUES
(648, 143, 'public/images/merchant_product/20161013125720_183_143_Watch-1_1.jpg', '2016-10-13 12:57:20', '2016-10-13 12:57:20'),
(649, 143, 'public/images/merchant_product/20161013125720_183_143_Watch-1_2.jpg', '2016-10-13 12:57:20', '2016-10-13 12:57:20'),
(650, 143, 'public/images/merchant_product/20161013125720_183_143_Watch-1_3.jpg', '2016-10-13 12:57:20', '2016-10-13 12:57:20'),
(651, 144, 'public/images/merchant_product/20161013141259_183_144_Watch-2_1.jpg', '2016-10-13 14:12:59', '2016-10-13 14:12:59'),
(652, 144, 'public/images/merchant_product/20161013141259_183_144_Watch-2_2.jpg', '2016-10-13 14:12:59', '2016-10-13 14:12:59'),
(653, 144, 'public/images/merchant_product/20161013141259_183_144_Watch-2_3.jpg', '2016-10-13 14:12:59', '2016-10-13 14:12:59'),
(654, 145, 'public/images/merchant_product/20161013141440_183_145_Watch-3_1.jpg', '2016-10-13 14:14:40', '2016-10-13 14:14:40'),
(655, 145, 'public/images/merchant_product/20161013141440_183_145_Watch-3_2.jpg', '2016-10-13 14:14:40', '2016-10-13 14:14:40'),
(656, 145, 'public/images/merchant_product/20161013141440_183_145_Watch-3_3.jpg', '2016-10-13 14:14:40', '2016-10-13 14:14:40'),
(657, 146, 'public/images/merchant_product/20161013141615_183_146_Watch-4_1.jpg', '2016-10-13 14:16:15', '2016-10-13 14:16:15'),
(658, 146, 'public/images/merchant_product/20161013141615_183_146_Watch-4_2.jpg', '2016-10-13 14:16:15', '2016-10-13 14:16:15'),
(659, 146, 'public/images/merchant_product/20161013141615_183_146_Watch-4_3.jpg', '2016-10-13 14:16:15', '2016-10-13 14:16:15'),
(660, 147, 'public/images/merchant_product/20161013142237_183_147_Watch-5_1.jpg', '2016-10-13 14:22:37', '2016-10-13 14:22:37'),
(661, 147, 'public/images/merchant_product/20161013142237_183_147_Watch-5_2.jpg', '2016-10-13 14:22:37', '2016-10-13 14:22:37'),
(662, 147, 'public/images/merchant_product/20161013142237_183_147_Watch-5_3.jpg', '2016-10-13 14:22:37', '2016-10-13 14:22:37'),
(663, 148, 'public/images/merchant_product/20161013142506_183_148_Watch-6_1.jpg', '2016-10-13 14:25:06', '2016-10-13 14:25:06'),
(664, 148, 'public/images/merchant_product/20161013142506_183_148_Watch-6_2.jpg', '2016-10-13 14:25:06', '2016-10-13 14:25:06'),
(665, 148, 'public/images/merchant_product/20161013142506_183_148_Watch-6_3.jpg', '2016-10-13 14:25:06', '2016-10-13 14:25:06'),
(666, 149, 'public/images/merchant_product/20161013142803_183_149_Watch-7_1.jpg', '2016-10-13 14:28:03', '2016-10-13 14:28:03'),
(667, 149, 'public/images/merchant_product/20161013142803_183_149_Watch-7_2.jpg', '2016-10-13 14:28:03', '2016-10-13 14:28:03'),
(668, 149, 'public/images/merchant_product/20161013142803_183_149_Watch-7_3.jpg', '2016-10-13 14:28:03', '2016-10-13 14:28:03'),
(669, 150, 'public/images/merchant_product/20161013142947_183_150_Watch-8_1.jpg', '2016-10-13 14:29:47', '2016-10-13 14:29:47'),
(670, 150, 'public/images/merchant_product/20161013142947_183_150_Watch-8_2.jpg', '2016-10-13 14:29:47', '2016-10-13 14:29:47'),
(671, 150, 'public/images/merchant_product/20161013142947_183_150_Watch-8_3.jpg', '2016-10-13 14:29:47', '2016-10-13 14:29:47'),
(672, 151, 'public/images/merchant_product/20161013143433_183_151_Watch-9_1.jpg', '2016-10-13 14:34:35', '2016-10-13 14:34:35'),
(673, 151, 'public/images/merchant_product/20161013143435_183_151_Watch-9_2.jpg', '2016-10-13 14:34:35', '2016-10-13 14:34:35'),
(674, 151, 'public/images/merchant_product/20161013143435_183_151_Watch-9_3.jpg', '2016-10-13 14:34:35', '2016-10-13 14:34:35'),
(675, 152, 'public/images/merchant_product/20161013143710_183_152_Watch-10_1.jpg', '2016-10-13 14:37:10', '2016-10-13 14:37:10'),
(676, 152, 'public/images/merchant_product/20161013143710_183_152_Watch-10_2.jpg', '2016-10-13 14:37:10', '2016-10-13 14:37:10'),
(677, 152, 'public/images/merchant_product/20161013143710_183_152_Watch-10_3.jpg', '2016-10-13 14:37:10', '2016-10-13 14:37:10'),
(678, 153, 'public/images/merchant_product/20161013144552_183_153_Watch-11_1.jpg', '2016-10-13 14:45:52', '2016-10-13 14:45:52'),
(679, 153, 'public/images/merchant_product/20161013144552_183_153_Watch-8_2.jpg', '2016-10-13 14:45:52', '2016-10-13 14:45:52'),
(680, 153, 'public/images/merchant_product/20161013144552_183_153_Watch-8_3.jpg', '2016-10-13 14:45:52', '2016-10-13 14:45:52'),
(681, 154, 'public/images/merchant_product/20161013151254_183_154_Watch-13_1.jpg', '2016-10-13 15:12:54', '2016-10-13 15:12:54'),
(682, 154, 'public/images/merchant_product/20161013151254_183_154_Watch-13_2.jpg', '2016-10-13 15:12:54', '2016-10-13 15:12:54'),
(683, 154, 'public/images/merchant_product/20161013151254_183_154_Watch-13_3.jpg', '2016-10-13 15:12:54', '2016-10-13 15:12:54'),
(684, 155, 'public/images/merchant_product/20161013152846_183_155_Watch-14_1.jpg', '2016-10-13 15:28:46', '2016-10-13 15:28:46'),
(685, 155, 'public/images/merchant_product/20161013152846_183_155_Watch-14_2.jpg', '2016-10-13 15:28:46', '2016-10-13 15:28:46'),
(686, 155, 'public/images/merchant_product/20161013152846_183_155_Watch-10_3.jpg', '2016-10-13 15:28:46', '2016-10-13 15:28:46'),
(687, 156, 'public/images/merchant_product/20161013153147_183_156_Watch-15_1.jpg', '2016-10-13 15:31:47', '2016-10-13 15:31:47'),
(688, 156, 'public/images/merchant_product/20161013153147_183_156_Watch-15_2.jpg', '2016-10-13 15:31:47', '2016-10-13 15:31:47'),
(689, 156, 'public/images/merchant_product/20161013153147_183_156_Watch-15_3.jpg', '2016-10-13 15:31:47', '2016-10-13 15:31:47'),
(690, 157, 'public/images/merchant_product/20161013153443_183_157_Watch-16_1.jpg', '2016-10-13 15:34:43', '2016-10-13 15:34:43'),
(691, 157, 'public/images/merchant_product/20161013153443_183_157_Watch-16_2.jpg', '2016-10-13 15:34:43', '2016-10-13 15:34:43'),
(692, 157, 'public/images/merchant_product/20161013153443_183_157_Watch-16_3.jpg', '2016-10-13 15:34:43', '2016-10-13 15:34:43'),
(693, 158, 'public/images/merchant_product/20161013154057_183_158_Watch-17_1.jpg', '2016-10-13 15:40:57', '2016-10-13 15:40:57'),
(694, 158, 'public/images/merchant_product/20161013154057_183_158_Watch-17_2.jpg', '2016-10-13 15:40:57', '2016-10-13 15:40:57'),
(695, 158, 'public/images/merchant_product/20161013154057_183_158_Watch-17_3.jpg', '2016-10-13 15:40:57', '2016-10-13 15:40:57'),
(696, 159, 'public/images/merchant_product/20161013154728_183_159_Watch-18_1.jpg', '2016-10-13 15:47:28', '2016-10-13 15:47:28'),
(697, 159, 'public/images/merchant_product/20161013154728_183_159_Watch-18_2.jpg', '2016-10-13 15:47:28', '2016-10-13 15:47:28'),
(698, 159, 'public/images/merchant_product/20161013154728_183_159_Watch-18_3.jpg', '2016-10-13 15:47:28', '2016-10-13 15:47:28'),
(699, 160, 'public/images/merchant_product/20161013154933_183_160_Watch-19_1.jpg', '2016-10-13 15:49:33', '2016-10-13 15:49:33'),
(700, 160, 'public/images/merchant_product/20161013154933_183_160_Watch-19_2.jpg', '2016-10-13 15:49:33', '2016-10-13 15:49:33'),
(701, 160, 'public/images/merchant_product/20161013154933_183_160_Watch-19_3.jpg', '2016-10-13 15:49:33', '2016-10-13 15:49:33'),
(702, 161, 'public/images/merchant_product/20161013155330_183_161_Watch-20_1.jpg', '2016-10-13 15:53:30', '2016-10-13 15:53:30'),
(703, 161, 'public/images/merchant_product/20161013155330_183_161_Watch-20_2.jpg', '2016-10-13 15:53:30', '2016-10-13 15:53:30'),
(704, 161, 'public/images/merchant_product/20161013155330_183_161_Watch-20_3.jpg', '2016-10-13 15:53:30', '2016-10-13 15:53:30'),
(705, 162, 'public/images/merchant_product/20161013155423_183_162_Watch-21_1.jpg', '2016-10-13 15:54:23', '2016-10-13 15:54:23'),
(706, 162, 'public/images/merchant_product/20161013155423_183_162_Watch-21_2.jpg', '2016-10-13 15:54:23', '2016-10-13 15:54:23'),
(707, 162, 'public/images/merchant_product/20161013155423_183_162_Watch-21_3.jpg', '2016-10-13 15:54:23', '2016-10-13 15:54:23'),
(708, 163, 'public/images/merchant_product/20161013155635_183_163_Watch-22_1.jpg', '2016-10-13 15:56:35', '2016-10-13 15:56:35'),
(709, 163, 'public/images/merchant_product/20161013155635_183_163_Watch-22_2.jpg', '2016-10-13 15:56:35', '2016-10-13 15:56:35'),
(710, 163, 'public/images/merchant_product/20161013155635_183_163_Watch-22_3.jpg', '2016-10-13 15:56:35', '2016-10-13 15:56:35'),
(711, 164, 'public/images/merchant_product/20161013155746_183_164_Watch-23_1.jpg', '2016-10-13 15:57:46', '2016-10-13 15:57:46'),
(712, 164, 'public/images/merchant_product/20161013155746_183_164_Watch-23_2.jpg', '2016-10-13 15:57:46', '2016-10-13 15:57:46'),
(713, 164, 'public/images/merchant_product/20161013155746_183_164_Watch-23_3.jpg', '2016-10-13 15:57:46', '2016-10-13 15:57:46'),
(714, 165, 'public/images/merchant_product/20161013155838_183_165_Watch-24_1.jpg', '2016-10-13 15:58:38', '2016-10-13 15:58:38'),
(715, 165, 'public/images/merchant_product/20161013155838_183_165_Watch-24_2.jpg', '2016-10-13 15:58:38', '2016-10-13 15:58:38'),
(716, 165, 'public/images/merchant_product/20161013155838_183_165_Watch-24_3.jpg', '2016-10-13 15:58:38', '2016-10-13 15:58:38'),
(717, 166, 'public/images/merchant_product/20161013160032_183_166_Watch-25_1.jpg', '2016-10-13 16:00:32', '2016-10-13 16:00:32'),
(718, 166, 'public/images/merchant_product/20161013160032_183_166_Watch-25_2.jpg', '2016-10-13 16:00:32', '2016-10-13 16:00:32'),
(719, 166, 'public/images/merchant_product/20161013160032_183_166_Watch-25_3.jpg', '2016-10-13 16:00:32', '2016-10-13 16:00:32'),
(720, 167, 'public/images/merchant_product/20161013160201_183_167_Watch-26_1.jpg', '2016-10-13 16:02:01', '2016-10-13 16:02:01'),
(721, 167, 'public/images/merchant_product/20161013160201_183_167_Watch-26_2.jpg', '2016-10-13 16:02:01', '2016-10-13 16:02:01'),
(722, 167, 'public/images/merchant_product/20161013160201_183_167_Watch-26_3.jpg', '2016-10-13 16:02:01', '2016-10-13 16:02:01'),
(723, 168, 'public/images/merchant_product/20161013160257_183_168_Watch-22_1.jpg', '2016-10-13 16:02:57', '2016-10-13 16:02:57'),
(724, 168, 'public/images/merchant_product/20161013160257_183_168_Watch-22_2.jpg', '2016-10-13 16:02:57', '2016-10-13 16:02:57'),
(725, 168, 'public/images/merchant_product/20161013160257_183_168_Watch-22_3.jpg', '2016-10-13 16:02:57', '2016-10-13 16:02:57'),
(726, 169, 'public/images/merchant_product/20161013160439_183_169_Watch-23_1.jpg', '2016-10-13 16:04:39', '2016-10-13 16:04:39'),
(727, 169, 'public/images/merchant_product/20161013160439_183_169_Watch-23_2.jpg', '2016-10-13 16:04:39', '2016-10-13 16:04:39'),
(728, 169, 'public/images/merchant_product/20161013160439_183_169_Watch-23_3.jpg', '2016-10-13 16:04:39', '2016-10-13 16:04:39'),
(729, 170, 'public/images/merchant_product/20161013160602_183_170_Watch-24_1.jpg', '2016-10-13 16:06:02', '2016-10-13 16:06:02'),
(730, 170, 'public/images/merchant_product/20161013160602_183_170_Watch-24_2.jpg', '2016-10-13 16:06:02', '2016-10-13 16:06:02'),
(731, 170, 'public/images/merchant_product/20161013160602_183_170_Watch-24_3.jpg', '2016-10-13 16:06:02', '2016-10-13 16:06:02'),
(732, 171, 'public/images/merchant_product/20161013160927_183_171_Watch-27_1.jpg', '2016-10-13 16:09:27', '2016-10-13 16:09:27'),
(733, 171, 'public/images/merchant_product/20161013160927_183_171_Watch-27_2.jpg', '2016-10-13 16:09:27', '2016-10-13 16:09:27'),
(734, 171, 'public/images/merchant_product/20161013160927_183_171_Watch-27_3.jpg', '2016-10-13 16:09:27', '2016-10-13 16:09:27'),
(735, 172, 'public/images/merchant_product/20161013161134_183_172_Watch-28_1.jpg', '2016-10-13 16:11:34', '2016-10-13 16:11:34'),
(736, 172, 'public/images/merchant_product/20161013161134_183_172_Watch-20_2.jpg', '2016-10-13 16:11:34', '2016-10-13 16:11:34'),
(737, 172, 'public/images/merchant_product/20161013161134_183_172_Watch-20_3.jpg', '2016-10-13 16:11:34', '2016-10-13 16:11:34'),
(738, 173, 'public/images/merchant_product/20161013161250_183_173_Watch-29_!.jpg', '2016-10-13 16:12:50', '2016-10-13 16:12:50'),
(739, 173, 'public/images/merchant_product/20161013161250_183_173_Watch-29_2.jpg', '2016-10-13 16:12:50', '2016-10-13 16:12:50'),
(740, 173, 'public/images/merchant_product/20161013161250_183_173_Watch-29_3.jpg', '2016-10-13 16:12:50', '2016-10-13 16:12:50'),
(741, 174, 'public/images/merchant_product/20161013161401_183_174_Watch-30_1.jpg', '2016-10-13 16:14:01', '2016-10-13 16:14:01'),
(742, 174, 'public/images/merchant_product/20161013161401_183_174_Watch-30_2.jpg', '2016-10-13 16:14:01', '2016-10-13 16:14:01'),
(743, 174, 'public/images/merchant_product/20161013161401_183_174_Watch-30_3.jpg', '2016-10-13 16:14:01', '2016-10-13 16:14:01'),
(744, 175, 'public/images/merchant_product/20161013161629_183_175_Watch-31_1.jpg', '2016-10-13 16:16:29', '2016-10-13 16:16:29'),
(745, 175, 'public/images/merchant_product/20161013161629_183_175_Watch-31_2.jpg', '2016-10-13 16:16:30', '2016-10-13 16:16:30'),
(746, 175, 'public/images/merchant_product/20161013161630_183_175_Watch-31_3.jpg', '2016-10-13 16:16:30', '2016-10-13 16:16:30'),
(747, 176, 'public/images/merchant_product/20161013161738_183_176_Watch-32_1.jpg', '2016-10-13 16:17:38', '2016-10-13 16:17:38'),
(748, 176, 'public/images/merchant_product/20161013161738_183_176_Watch-32_2.jpg', '2016-10-13 16:17:38', '2016-10-13 16:17:38'),
(749, 176, 'public/images/merchant_product/20161013161738_183_176_Watch-32_3.jpg', '2016-10-13 16:17:38', '2016-10-13 16:17:38'),
(750, 177, 'public/images/merchant_product/20161013161912_183_177_Watch-33_1.jpg', '2016-10-13 16:19:12', '2016-10-13 16:19:12'),
(751, 177, 'public/images/merchant_product/20161013161912_183_177_Watch-33_2.jpg', '2016-10-13 16:19:12', '2016-10-13 16:19:12'),
(752, 177, 'public/images/merchant_product/20161013161912_183_177_Watch-33_3.jpg', '2016-10-13 16:19:12', '2016-10-13 16:19:12'),
(753, 178, 'public/images/merchant_product/20161013162049_183_178_Watch-34_1.jpg', '2016-10-13 16:20:49', '2016-10-13 16:20:49'),
(754, 178, 'public/images/merchant_product/20161013162049_183_178_Watch-34_2.jpg', '2016-10-13 16:20:49', '2016-10-13 16:20:49'),
(755, 178, 'public/images/merchant_product/20161013162049_183_178_Watch-34_3.jpg', '2016-10-13 16:20:49', '2016-10-13 16:20:49'),
(779, 179, 'public/images/merchant_product/20161014174250_187_179_IMG_5869.jpg', '2016-10-14 17:42:50', '2016-10-14 17:42:50'),
(782, 180, 'public/images/merchant_product/20161014174354_187_180_IMG_5876.jpg', '2016-10-14 17:43:54', '2016-10-14 17:43:54'),
(785, 181, 'public/images/merchant_product/20161014174559_187_181_IMG_5885.jpg', '2016-10-14 17:45:59', '2016-10-14 17:45:59'),
(788, 182, 'public/images/merchant_product/20161014174700_187_182_IMG_5880.jpg', '2016-10-14 17:47:00', '2016-10-14 17:47:00'),
(791, 183, 'public/images/merchant_product/20161014174817_187_183_IMG_5893.jpg', '2016-10-14 17:48:17', '2016-10-14 17:48:17'),
(794, 184, 'public/images/merchant_product/20161014174918_187_184_IMG_5897.jpg', '2016-10-14 17:49:18', '2016-10-14 17:49:18'),
(797, 185, 'public/images/merchant_product/20161014175030_187_185_IMG_5900.jpg', '2016-10-14 17:50:30', '2016-10-14 17:50:30'),
(800, 186, 'public/images/merchant_product/20161014175332_187_186_IMG_5903.jpg', '2016-10-14 17:53:32', '2016-10-14 17:53:32'),
(803, 187, 'public/images/merchant_product/20161014175458_187_187_IMG_5906.jpg', '2016-10-14 17:54:58', '2016-10-14 17:54:58'),
(806, 188, 'public/images/merchant_product/20161014175605_187_188_IMG_5910.jpg', '2016-10-14 17:56:05', '2016-10-14 17:56:05'),
(809, 189, 'public/images/merchant_product/20161014175709_187_189_IMG_5913.jpg', '2016-10-14 17:57:09', '2016-10-14 17:57:09'),
(812, 190, 'public/images/merchant_product/20161014175944_187_190_IMG_5916.jpg', '2016-10-14 17:59:44', '2016-10-14 17:59:44'),
(815, 191, 'public/images/merchant_product/20161014180049_187_191_IMG_5919.jpg', '2016-10-14 18:00:49', '2016-10-14 18:00:49'),
(818, 192, 'public/images/merchant_product/20161014180206_187_192_IMG_5923.jpg', '2016-10-14 18:02:06', '2016-10-14 18:02:06'),
(821, 193, 'public/images/merchant_product/20161014180322_187_193_IMG_5927.jpg', '2016-10-14 18:03:22', '2016-10-14 18:03:22'),
(824, 194, 'public/images/merchant_product/20161014180433_187_194_IMG_5930.jpg', '2016-10-14 18:04:33', '2016-10-14 18:04:33'),
(827, 195, 'public/images/merchant_product/20161014180803_187_195_IMG_5934.jpg', '2016-10-14 18:08:03', '2016-10-14 18:08:03'),
(830, 196, 'public/images/merchant_product/20161014181351_187_196_IMG_5941.jpg', '2016-10-14 18:13:51', '2016-10-14 18:13:51'),
(833, 197, 'public/images/merchant_product/20161014181456_187_197_IMG_5944.jpg', '2016-10-14 18:14:57', '2016-10-14 18:14:57'),
(836, 198, 'public/images/merchant_product/20161014181617_187_198_IMG_5948.jpg', '2016-10-14 18:16:17', '2016-10-14 18:16:17'),
(839, 199, 'public/images/merchant_product/20161014181744_187_199_IMG_5958.jpg', '2016-10-14 18:17:44', '2016-10-14 18:17:44'),
(842, 200, 'public/images/merchant_product/20161014181845_187_200_IMG_5962.jpg', '2016-10-14 18:18:45', '2016-10-14 18:18:45'),
(780, 179, 'public/images/merchant_product/20161014174250_187_179_IMG_5871.jpg', '2016-10-14 17:42:50', '2016-10-14 17:42:50'),
(781, 179, 'public/images/merchant_product/20161014174250_187_179_IMG_5873.jpg', '2016-10-14 17:42:50', '2016-10-14 17:42:50'),
(783, 180, 'public/images/merchant_product/20161014174354_187_180_IMG_5877.jpg', '2016-10-14 17:43:54', '2016-10-14 17:43:54'),
(784, 180, 'public/images/merchant_product/20161014174354_187_180_IMG_5878.jpg', '2016-10-14 17:43:54', '2016-10-14 17:43:54'),
(786, 181, 'public/images/merchant_product/20161014174559_187_181_IMG_5891.jpg', '2016-10-14 17:45:59', '2016-10-14 17:45:59'),
(787, 181, 'public/images/merchant_product/20161014174559_187_181_IMG_5892.jpg', '2016-10-14 17:45:59', '2016-10-14 17:45:59'),
(789, 182, 'public/images/merchant_product/20161014174700_187_182_IMG_5881.jpg', '2016-10-14 17:47:00', '2016-10-14 17:47:00'),
(790, 182, 'public/images/merchant_product/20161014174700_187_182_IMG_5884.jpg', '2016-10-14 17:47:00', '2016-10-14 17:47:00'),
(792, 183, 'public/images/merchant_product/20161014174817_187_183_IMG_5894.jpg', '2016-10-14 17:48:17', '2016-10-14 17:48:17'),
(793, 183, 'public/images/merchant_product/20161014174817_187_183_IMG_5895.jpg', '2016-10-14 17:48:17', '2016-10-14 17:48:17'),
(795, 184, 'public/images/merchant_product/20161014174918_187_184_IMG_5898.jpg', '2016-10-14 17:49:18', '2016-10-14 17:49:18'),
(796, 184, 'public/images/merchant_product/20161014174918_187_184_IMG_5899.jpg', '2016-10-14 17:49:18', '2016-10-14 17:49:18'),
(798, 185, 'public/images/merchant_product/20161014175030_187_185_IMG_5901.jpg', '2016-10-14 17:50:30', '2016-10-14 17:50:30'),
(799, 185, 'public/images/merchant_product/20161014175030_187_185_IMG_5902.jpg', '2016-10-14 17:50:30', '2016-10-14 17:50:30'),
(801, 186, 'public/images/merchant_product/20161014175332_187_186_IMG_5902.jpg', '2016-10-14 17:53:32', '2016-10-14 17:53:32'),
(802, 186, 'public/images/merchant_product/20161014175332_187_186_IMG_5904.jpg', '2016-10-14 17:53:32', '2016-10-14 17:53:32'),
(804, 187, 'public/images/merchant_product/20161014175458_187_187_IMG_5909.jpg', '2016-10-14 17:54:58', '2016-10-14 17:54:58'),
(805, 187, 'public/images/merchant_product/20161014175458_187_187_IMG_5907.jpg', '2016-10-14 17:54:58', '2016-10-14 17:54:58'),
(807, 188, 'public/images/merchant_product/20161014175605_187_188_IMG_5911.jpg', '2016-10-14 17:56:05', '2016-10-14 17:56:05'),
(808, 188, 'public/images/merchant_product/20161014175605_187_188_IMG_5912.jpg', '2016-10-14 17:56:05', '2016-10-14 17:56:05'),
(810, 189, 'public/images/merchant_product/20161014175709_187_189_IMG_5914.jpg', '2016-10-14 17:57:09', '2016-10-14 17:57:09'),
(811, 189, 'public/images/merchant_product/20161014175709_187_189_IMG_5915.jpg', '2016-10-14 17:57:09', '2016-10-14 17:57:09'),
(813, 190, 'public/images/merchant_product/20161014175944_187_190_IMG_5917.jpg', '2016-10-14 17:59:44', '2016-10-14 17:59:44'),
(814, 190, 'public/images/merchant_product/20161014175944_187_190_IMG_5918.jpg', '2016-10-14 17:59:44', '2016-10-14 17:59:44'),
(816, 191, 'public/images/merchant_product/20161014180049_187_191_IMG_5921.jpg', '2016-10-14 18:00:49', '2016-10-14 18:00:49'),
(817, 191, 'public/images/merchant_product/20161014180049_187_191_IMG_5922.jpg', '2016-10-14 18:00:49', '2016-10-14 18:00:49'),
(819, 192, 'public/images/merchant_product/20161014180206_187_192_IMG_5924.jpg', '2016-10-14 18:02:06', '2016-10-14 18:02:06'),
(820, 192, 'public/images/merchant_product/20161014180206_187_192_IMG_5926.jpg', '2016-10-14 18:02:06', '2016-10-14 18:02:06'),
(822, 193, 'public/images/merchant_product/20161014180322_187_193_IMG_5928.jpg', '2016-10-14 18:03:22', '2016-10-14 18:03:22'),
(823, 193, 'public/images/merchant_product/20161014180322_187_193_IMG_5929.jpg', '2016-10-14 18:03:22', '2016-10-14 18:03:22'),
(825, 194, 'public/images/merchant_product/20161014180433_187_194_IMG_5932.jpg', '2016-10-14 18:04:33', '2016-10-14 18:04:33'),
(826, 194, 'public/images/merchant_product/20161014180433_187_194_IMG_5933.jpg', '2016-10-14 18:04:33', '2016-10-14 18:04:33'),
(828, 195, 'public/images/merchant_product/20161014180803_187_195_IMG_5935.jpg', '2016-10-14 18:08:03', '2016-10-14 18:08:03'),
(829, 195, 'public/images/merchant_product/20161014180803_187_195_IMG_5936.jpg', '2016-10-14 18:08:03', '2016-10-14 18:08:03'),
(831, 196, 'public/images/merchant_product/20161014181351_187_196_IMG_5942.jpg', '2016-10-14 18:13:51', '2016-10-14 18:13:51'),
(832, 196, 'public/images/merchant_product/20161014181351_187_196_IMG_5943.jpg', '2016-10-14 18:13:51', '2016-10-14 18:13:51'),
(834, 197, 'public/images/merchant_product/20161014181457_187_197_IMG_5945.jpg', '2016-10-14 18:14:57', '2016-10-14 18:14:57'),
(835, 197, 'public/images/merchant_product/20161014181457_187_197_IMG_5946.jpg', '2016-10-14 18:14:57', '2016-10-14 18:14:57'),
(837, 198, 'public/images/merchant_product/20161014181617_187_198_IMG_5955.jpg', '2016-10-14 18:16:17', '2016-10-14 18:16:17'),
(838, 198, 'public/images/merchant_product/20161014181617_187_198_IMG_5956.jpg', '2016-10-14 18:16:17', '2016-10-14 18:16:17'),
(840, 199, 'public/images/merchant_product/20161014181744_187_199_IMG_5960.jpg', '2016-10-14 18:17:44', '2016-10-14 18:17:44'),
(841, 199, 'public/images/merchant_product/20161014181744_187_199_IMG_5961.jpg', '2016-10-14 18:17:44', '2016-10-14 18:17:44'),
(843, 200, 'public/images/merchant_product/20161014181845_187_200_IMG_5964.jpg', '2016-10-14 18:18:45', '2016-10-14 18:18:45'),
(844, 200, 'public/images/merchant_product/20161014181845_187_200_IMG_5965.jpg', '2016-10-14 18:18:45', '2016-10-14 18:18:45'),
(860, 54, 'public/images/merchant_product/20161208153542_182_54_kaos4_renamed_14196.jpg', '2016-12-08 15:35:42', '2016-12-08 15:35:42'),
(868, 56, 'public/images/merchant_product/20161208153833_182_56_kaos4_renamed_23811.jpg', '2016-12-08 15:38:33', '2016-12-08 15:38:33'),
(872, 57, 'public/images/merchant_product/20161208153936_182_57_kaos4_renamed_5081.jpg', '2016-12-08 15:39:36', '2016-12-08 15:39:36'),
(908, 16, 'public/images/merchant_product/20161208205329_1_16_IMG_4390-min.jpg', '2016-12-08 20:53:29', '2016-12-08 20:53:29'),
(924, 19, 'public/images/merchant_product/20161208210759_1_19_IMG_4403-min.jpg', '2016-12-08 21:07:59', '2016-12-08 21:07:59'),
(928, 20, 'public/images/merchant_product/20161208211051_1_20_IMG_4420-min.jpg', '2016-12-08 21:10:51', '2016-12-08 21:10:51'),
(936, 21, 'public/images/merchant_product/20161208211845_1_21_IMG_4409-min.jpg', '2016-12-08 21:18:45', '2016-12-08 21:18:45'),
(933, 21, 'public/images/merchant_product/20161208211845_1_21_IMG_4407-min.jpg', '2016-12-08 21:18:45', '2016-12-08 21:18:45'),
(940, 25, 'public/images/merchant_product/20161208212030_1_25_IMG_4450-min.jpg', '2016-12-08 21:20:30', '2016-12-08 21:20:30'),
(944, 26, 'public/images/merchant_product/20161208212613_1_26_IMG_4506-min.jpg', '2016-12-08 21:26:13', '2016-12-08 21:26:13'),
(949, 27, 'public/images/merchant_product/20161208212818_1_27_IMG_4472-min.jpg', '2016-12-08 21:28:18', '2016-12-08 21:28:18'),
(964, 34, 'public/images/merchant_product/20161208213759_1_34_IMG_4490-min.jpg', '2016-12-08 21:37:59', '2016-12-08 21:37:59'),
(968, 35, 'public/images/merchant_product/20161208214218_1_35_IMG_4496-min.jpg', '2016-12-08 21:42:18', '2016-12-08 21:42:18'),
(972, 36, 'public/images/merchant_product/20161208214935_1_36_IMG_4469-min.jpg', '2016-12-08 21:49:35', '2016-12-08 21:49:35');

-- --------------------------------------------------------

--
-- Table structure for table `product_spec`
--

CREATE TABLE IF NOT EXISTS `product_spec` (
  `id` int(11) NOT NULL,
  `product_id` int(11) NOT NULL,
  `spec_name` varchar(255) NOT NULL,
  `spec_detail` varchar(255) NOT NULL,
  `created_at` datetime NOT NULL,
  `updated_at` datetime NOT NULL
) ENGINE=MyISAM AUTO_INCREMENT=44 DEFAULT CHARSET=latin1;

-- --------------------------------------------------------

--
-- Table structure for table `promotion`
--

CREATE TABLE IF NOT EXISTS `promotion` (
  `id` int(11) NOT NULL,
  `image_url` varchar(255) NOT NULL,
  `target_url` varchar(255) NOT NULL,
  `created_at` timestamp NOT NULL DEFAULT CURRENT_TIMESTAMP ON UPDATE CURRENT_TIMESTAMP,
  `updated_at` timestamp NOT NULL DEFAULT '0000-00-00 00:00:00'
) ENGINE=InnoDB AUTO_INCREMENT=5 DEFAULT CHARSET=latin1;

--
-- Dumping data for table `promotion`
--

INSERT INTO `promotion` (`id`, `image_url`, `target_url`, `created_at`, `updated_at`) VALUES
(1, 'public/images/promotions/1.jpg', 'http://bandungmall.co.id/product/search?keyword=blazzer', '2016-10-06 07:18:08', '2016-10-06 21:18:08'),
(2, 'public/images/promotions/2.jpg', 'http://bandungmall.co.id/product?category_id=16', '2016-07-06 07:05:36', '2016-07-06 21:05:36'),
(3, 'public/images/promotions/3.jpg', '#', '2016-05-31 15:13:22', '0000-00-00 00:00:00'),
(4, 'public/images/promotions/4.jpg', 'http://bandungmall.co.id/product/search?keyword=kemeja', '2016-10-06 07:19:35', '2016-10-06 21:19:35');

-- --------------------------------------------------------

--
-- Table structure for table `template_colour`
--

CREATE TABLE IF NOT EXISTS `template_colour` (
  `id` int(11) NOT NULL,
  `nama` varchar(255) NOT NULL,
  `kode` varchar(7) NOT NULL,
  `created_at` datetime NOT NULL,
  `updated_at` datetime NOT NULL
) ENGINE=InnoDB AUTO_INCREMENT=9 DEFAULT CHARSET=latin1;

--
-- Dumping data for table `template_colour`
--

INSERT INTO `template_colour` (`id`, `nama`, `kode`, `created_at`, `updated_at`) VALUES
(2, 'Hitam', '#000000', '2016-12-13 13:47:26', '2016-12-13 13:47:26'),
(3, 'Hijau', '#00ff00', '2016-12-14 10:40:33', '2016-12-14 10:40:33'),
(4, 'Biru', '#0000ff', '2016-12-14 10:40:48', '2016-12-14 10:40:48'),
(6, 'Kuning', '#fce300', '2016-12-14 16:31:01', '2016-12-14 16:31:01'),
(7, 'Merah', '#ff0000', '2016-12-14 22:48:46', '2016-12-14 22:48:46'),
(8, 'Putih', '#ffffff', '2016-12-18 03:40:16', '2016-12-18 03:40:16');

-- --------------------------------------------------------

--
-- Table structure for table `template_description`
--

CREATE TABLE IF NOT EXISTS `template_description` (
  `id` int(11) NOT NULL,
  `category_id` int(11) NOT NULL,
  `nama` varchar(255) NOT NULL,
  `deskripsi` varchar(255) NOT NULL,
  `satuan` varchar(100) NOT NULL,
  `temp_deskripsi` text NOT NULL,
  `created_at` datetime NOT NULL,
  `updated_at` datetime NOT NULL
) ENGINE=InnoDB AUTO_INCREMENT=6 DEFAULT CHARSET=latin1;

--
-- Dumping data for table `template_description`
--

INSERT INTO `template_description` (`id`, `category_id`, `nama`, `deskripsi`, `satuan`, `temp_deskripsi`, `created_at`, `updated_at`) VALUES
(2, 37, 'Deskripsi Baju Pria', 'Panjang Lengan,Lingkar Dada', 'cm', '\n			<label>Panjang Lengan</label>\n			<div class=''input-group''>\n			<input type=''text'' class=''form-control'' name=''description[]'' placeholder=''Masukkan Panjang Lengan'' required/>\n			<input type=''hidden'' class=''form-control'' name=''jenis_description[]'' value=''Panjang Lengan''/>\n			<input type=''hidden'' class=''form-control'' name=''satuan[]'' value=''cm''/>\n			<span class=''input-group-addon''>cm</span>\n			</div>\n			<br/>\n			\n			<label>Lingkar Dada</label>\n			<div class=''input-group''>\n			<input type=''text'' class=''form-control'' name=''description[]'' placeholder=''Masukkan Lingkar Dada'' required/>\n			<input type=''hidden'' class=''form-control'' name=''jenis_description[]'' value=''Lingkar Dada''/>\n			<input type=''hidden'' class=''form-control'' name=''satuan[]'' value=''cm''/>\n			<span class=''input-group-addon''>cm</span>\n			</div>\n			<br/>\n			', '2016-12-17 17:50:12', '2016-12-17 23:18:44'),
(3, 31, 'Deskripsi Baju Wanita', 'Panjang Lengan,Lingkar Dada', 'cm', '\n			<label>Panjang Lengan</label>\n			<div class=''input-group''>\n			<input type=''text'' class=''form-control'' name=''description[]'' placeholder=''Masukkan Panjang Lengan'' required/>\n			<input type=''hidden'' class=''form-control'' name=''jenis_description[]'' value=''Panjang Lengan''/>\n			<input type=''hidden'' class=''form-control'' name=''satuan[]'' value=''cm''/>\n			<span class=''input-group-addon''>cm</span>\n			</div>\n			<br/>\n			\n			<label>Lingkar Dada</label>\n			<div class=''input-group''>\n			<input type=''text'' class=''form-control'' name=''description[]'' placeholder=''Masukkan Lingkar Dada'' required/>\n			<input type=''hidden'' class=''form-control'' name=''jenis_description[]'' value=''Lingkar Dada''/>\n			<input type=''hidden'' class=''form-control'' name=''satuan[]'' value=''cm''/>\n			<span class=''input-group-addon''>cm</span>\n			</div>\n			<br/>\n			', '0000-00-00 00:00:00', '2016-12-17 23:18:48'),
(5, 7, 'Deskripsi Aksesoris Wanita', 'coba', 'cm', '\r\n			<label>coba</label>\r\n			<div class=''input-group''>\r\n			<input type=''text'' class=''form-control'' name=''description[]'' placeholder=''Masukkan coba'' required/>\r\n			<input type=''hidden'' class=''form-control'' name=''jenis_description[]'' value=''coba''/>\r\n			<input type=''hidden'' class=''form-control'' name=''satuan[]'' value=''cm''/>\r\n			<span class=''input-group-addon''>cm</span>\r\n			</div>\r\n			<br/>\r\n			', '2016-12-17 23:17:44', '2016-12-17 23:17:44');

-- --------------------------------------------------------

--
-- Table structure for table `template_size`
--

CREATE TABLE IF NOT EXISTS `template_size` (
  `id` int(11) NOT NULL,
  `category_id` int(11) NOT NULL,
  `nama` varchar(255) NOT NULL,
  `size` varchar(255) NOT NULL,
  `created_at` datetime NOT NULL,
  `updated_at` datetime NOT NULL
) ENGINE=InnoDB AUTO_INCREMENT=7 DEFAULT CHARSET=latin1;

--
-- Dumping data for table `template_size`
--

INSERT INTO `template_size` (`id`, `category_id`, `nama`, `size`, `created_at`, `updated_at`) VALUES
(1, 4, 'Size Sepatu Wanita', '38,39,40,41', '0000-00-00 00:00:00', '2016-12-16 05:06:51'),
(5, 12, 'Size Sepatu Pria', '40,41,42,43', '2016-12-16 05:07:43', '2016-12-16 05:07:43'),
(6, 31, 'Size Baju Wanita', 'S,M,L', '2016-12-16 17:20:44', '2016-12-16 17:20:44');

-- --------------------------------------------------------

--
-- Table structure for table `transaction`
--

CREATE TABLE IF NOT EXISTS `transaction` (
  `id` int(11) NOT NULL,
  `user_id` int(11) NOT NULL,
  `total` int(11) NOT NULL,
  `payment_type` varchar(255) DEFAULT NULL,
  `paid` enum('yes','no','pending','','') NOT NULL DEFAULT 'no',
  `coupon_id` int(11) DEFAULT NULL,
  `address_id` int(11) NOT NULL,
  `shipping_choice` varchar(255) NOT NULL,
  `shipping_type` varchar(255) NOT NULL,
  `shipping_price` int(11) NOT NULL,
  `created_at` datetime NOT NULL,
  `updated_at` datetime NOT NULL,
  `sent_status` enum('yes','no','','') NOT NULL DEFAULT 'no',
  `received_status` enum('yes','no') NOT NULL DEFAULT 'no'
) ENGINE=MyISAM AUTO_INCREMENT=6 DEFAULT CHARSET=latin1;

--
-- Dumping data for table `transaction`
--

INSERT INTO `transaction` (`id`, `user_id`, `total`, `payment_type`, `paid`, `coupon_id`, `address_id`, `shipping_choice`, `shipping_type`, `shipping_price`, `created_at`, `updated_at`, `sent_status`, `received_status`) VALUES
(1, 94, 256000, NULL, 'yes', NULL, 28, 'jne', 'CTCOKE', 6000, '2016-12-26 09:45:53', '2016-12-26 09:47:03', 'yes', 'yes'),
(2, 94, 208000, NULL, 'yes', NULL, 28, 'tiki', 'ONS', 8000, '2016-12-26 09:48:28', '2016-12-26 09:49:40', 'yes', 'yes'),
(3, 94, 246000, NULL, 'yes', NULL, 28, 'jne', 'CTCOKE', 6000, '2016-12-26 11:17:43', '2016-12-26 11:18:32', 'no', 'no'),
(4, 94, 259000, NULL, 'yes', NULL, 28, 'jne', 'CTCYES', 9000, '2016-12-26 20:04:26', '2016-12-26 20:06:01', 'yes', 'no'),
(5, 94, 145000, NULL, 'yes', NULL, 28, 'jne', 'CTCOKE', 6000, '2016-12-27 19:40:36', '2016-12-27 19:44:40', 'no', 'no');

-- --------------------------------------------------------

--
-- Table structure for table `transaction_detail`
--

CREATE TABLE IF NOT EXISTS `transaction_detail` (
  `id` int(11) NOT NULL,
  `transaction_id` int(11) NOT NULL,
  `product_id` int(11) NOT NULL,
  `merchant_id` int(11) NOT NULL,
  `price` int(11) NOT NULL,
  `quantity` int(11) NOT NULL,
  `size` varchar(255) NOT NULL,
  `sub_total` int(11) NOT NULL,
  `is_accepted` enum('yes','declined','pending','') NOT NULL DEFAULT 'pending',
  `is_counted` enum('yes','no','pending','') NOT NULL DEFAULT 'pending',
  `created_at` datetime NOT NULL,
  `updated_at` datetime NOT NULL
) ENGINE=MyISAM AUTO_INCREMENT=6 DEFAULT CHARSET=latin1;

--
-- Dumping data for table `transaction_detail`
--

INSERT INTO `transaction_detail` (`id`, `transaction_id`, `product_id`, `merchant_id`, `price`, `quantity`, `size`, `sub_total`, `is_accepted`, `is_counted`, `created_at`, `updated_at`) VALUES
(1, 1, 20, 1, 250000, 1, '', 250000, 'yes', 'yes', '2016-12-26 09:45:53', '2016-12-26 09:47:11'),
(2, 2, 20, 1, 250000, 1, '', 250000, 'yes', 'yes', '2016-12-26 09:48:28', '2016-12-26 09:49:45'),
(3, 3, 19, 1, 250000, 1, '', 250000, 'declined', 'no', '2016-12-26 11:17:43', '2016-12-26 11:19:04'),
(4, 4, 20, 1, 250000, 1, '', 250000, 'yes', 'pending', '2016-12-26 20:04:26', '2016-12-26 20:04:26'),
(5, 5, 81, 182, 139000, 1, '', 139000, 'pending', 'pending', '2016-12-27 19:40:36', '2016-12-27 19:40:36');

-- --------------------------------------------------------

--
-- Table structure for table `transaction_detail_notification`
--

CREATE TABLE IF NOT EXISTS `transaction_detail_notification` (
  `id` int(11) NOT NULL,
  `transaction_id` int(11) NOT NULL,
  `merchant_id` int(11) NOT NULL,
  `notification` varchar(255) NOT NULL,
  `created_at` datetime NOT NULL,
  `updated_at` datetime NOT NULL
) ENGINE=InnoDB AUTO_INCREMENT=8 DEFAULT CHARSET=latin1;

--
-- Dumping data for table `transaction_detail_notification`
--

INSERT INTO `transaction_detail_notification` (`id`, `transaction_id`, `merchant_id`, `notification`, `created_at`, `updated_at`) VALUES
(1, 1, 1, 'Merchant Menerima Order', '2016-12-26 09:46:19', '2016-12-26 09:46:19'),
(2, 1, 1, 'Pengiriman telah di proses merchant', '2016-12-26 09:46:41', '2016-12-26 09:46:41'),
(3, 2, 1, 'Merchant Menerima Order', '2016-12-26 09:49:13', '2016-12-26 09:49:13'),
(4, 2, 1, 'Pengiriman telah di proses merchant', '2016-12-26 09:49:22', '2016-12-26 09:49:22'),
(5, 3, 1, 'Merchant Menolak Order', '2016-12-26 11:18:38', '2016-12-26 11:18:38'),
(6, 4, 1, 'Merchant Menerima Order', '2016-12-26 20:05:26', '2016-12-26 20:05:26'),
(7, 4, 1, 'Pengiriman telah di proses merchant', '2016-12-26 20:06:28', '2016-12-26 20:06:28');

-- --------------------------------------------------------

--
-- Table structure for table `transaction_notification`
--

CREATE TABLE IF NOT EXISTS `transaction_notification` (
  `id` int(11) NOT NULL,
  `transaction_id` int(11) NOT NULL,
  `notification` varchar(255) NOT NULL,
  `created_at` datetime NOT NULL,
  `updated_at` datetime NOT NULL
) ENGINE=InnoDB AUTO_INCREMENT=13 DEFAULT CHARSET=latin1;

--
-- Dumping data for table `transaction_notification`
--

INSERT INTO `transaction_notification` (`id`, `transaction_id`, `notification`, `created_at`, `updated_at`) VALUES
(1, 1, 'User Melakukan Checkout', '2016-12-26 09:45:53', '2016-12-26 09:45:53'),
(2, 1, 'User Melakukan Konfirmasi Pembayaran', '2016-12-26 09:45:57', '2016-12-26 09:45:57'),
(3, 1, 'User Melakukan Konfirmasi Penerimaan Barang', '2016-12-26 09:47:03', '2016-12-26 09:47:03'),
(4, 2, 'User Melakukan Checkout', '2016-12-26 09:48:28', '2016-12-26 09:48:28'),
(5, 2, 'User Melakukan Konfirmasi Pembayaran', '2016-12-26 09:48:46', '2016-12-26 09:48:46'),
(6, 2, 'User Melakukan Konfirmasi Penerimaan Barang', '2016-12-26 09:49:40', '2016-12-26 09:49:40'),
(7, 3, 'User Melakukan Checkout', '2016-12-26 11:17:43', '2016-12-26 11:17:43'),
(8, 3, 'User Melakukan Konfirmasi Pembayaran', '2016-12-26 11:17:50', '2016-12-26 11:17:50'),
(9, 4, 'User Melakukan Checkout', '2016-12-26 20:04:26', '2016-12-26 20:04:26'),
(10, 4, 'User Melakukan Konfirmasi Pembayaran', '2016-12-26 20:04:52', '2016-12-26 20:04:52'),
(11, 5, 'User Melakukan Checkout', '2016-12-27 19:40:37', '2016-12-27 19:40:37'),
(12, 5, 'User Melakukan Konfirmasi Pembayaran', '2016-12-27 19:43:55', '2016-12-27 19:43:55');

-- --------------------------------------------------------

--
-- Table structure for table `transaction_resi`
--

CREATE TABLE IF NOT EXISTS `transaction_resi` (
  `id` int(11) NOT NULL,
  `transaction_id` int(11) NOT NULL,
  `merchant_id` int(11) NOT NULL,
  `resi` varchar(255) NOT NULL,
  `created_at` datetime NOT NULL,
  `updated_at` datetime NOT NULL
) ENGINE=MyISAM AUTO_INCREMENT=4 DEFAULT CHARSET=latin1;

--
-- Dumping data for table `transaction_resi`
--

INSERT INTO `transaction_resi` (`id`, `transaction_id`, `merchant_id`, `resi`, `created_at`, `updated_at`) VALUES
(1, 1, 1, '123', '2016-12-26 09:46:41', '2016-12-26 09:46:41'),
(2, 2, 1, '2322', '2016-12-26 09:49:22', '2016-12-26 09:49:22'),
(3, 4, 1, '12321312123', '2016-12-26 20:06:28', '2016-12-26 20:06:28');

-- --------------------------------------------------------

--
-- Table structure for table `transaction_shipping_fee`
--

CREATE TABLE IF NOT EXISTS `transaction_shipping_fee` (
  `id` int(11) NOT NULL,
  `transaction_id` int(11) NOT NULL,
  `merchant_id` int(11) NOT NULL,
  `shipping_price` int(11) NOT NULL,
  `created_at` datetime NOT NULL,
  `updated_at` datetime NOT NULL
) ENGINE=InnoDB AUTO_INCREMENT=6 DEFAULT CHARSET=latin1;

--
-- Dumping data for table `transaction_shipping_fee`
--

INSERT INTO `transaction_shipping_fee` (`id`, `transaction_id`, `merchant_id`, `shipping_price`, `created_at`, `updated_at`) VALUES
(1, 1, 0, 6000, '2016-12-26 09:45:53', '2016-12-26 09:45:53'),
(2, 2, 0, 8000, '2016-12-26 09:48:28', '2016-12-26 09:48:28'),
(3, 3, 0, 6000, '2016-12-26 11:17:43', '2016-12-26 11:17:43'),
(4, 4, 0, 9000, '2016-12-26 20:04:26', '2016-12-26 20:04:26'),
(5, 5, 0, 6000, '2016-12-27 19:40:36', '2016-12-27 19:40:36');

-- --------------------------------------------------------

--
-- Table structure for table `user`
--

CREATE TABLE IF NOT EXISTS `user` (
  `id` int(11) NOT NULL,
  `first_name` varchar(255) NOT NULL,
  `last_name` varchar(255) NOT NULL,
  `email` varchar(255) NOT NULL,
  `password` varchar(255) DEFAULT NULL,
  `balance` int(11) NOT NULL,
  `gender` enum('male','female','','') DEFAULT NULL,
  `uid_fb` varchar(255) DEFAULT NULL,
  `access_token_fb` varchar(255) DEFAULT NULL,
  `activation_code` varchar(255) NOT NULL,
  `reset_password_code` varchar(255) NOT NULL,
  `referral_id` int(11) DEFAULT NULL,
  `created_at` datetime NOT NULL,
  `updated_at` datetime NOT NULL,
  `remember_token` varchar(255) NOT NULL
) ENGINE=MyISAM AUTO_INCREMENT=96 DEFAULT CHARSET=latin1;

--
-- Dumping data for table `user`
--

INSERT INTO `user` (`id`, `first_name`, `last_name`, `email`, `password`, `balance`, `gender`, `uid_fb`, `access_token_fb`, `activation_code`, `reset_password_code`, `referral_id`, `created_at`, `updated_at`, `remember_token`) VALUES
(72, 'tubagus', 'primanda arif', 'tubagushilman@yahoo.com', '$2y$10$Rg9qabpeWOqK8FfZ2Yo8veizY/ni1VBdGlbqvanOgbKz.SVZfXajW', 0, NULL, NULL, NULL, '', '', NULL, '2016-10-12 11:17:36', '2016-10-12 17:21:42', 'HKiubfxqYjgDm8RaP4qxEZYcp0jAVvCxxTFUzGHXE8VY224zPHbgm9wNA6Kr'),
(77, 'big', 'thebe', 'bigthebe@gmail.com', '$2y$10$IomeGCsKNzkXVqngO3AoVerNDgWjecYo2eIQJN77Yh4YnETkUsQ7.', 0, NULL, NULL, NULL, '', '', NULL, '2016-10-12 17:35:24', '2016-10-12 18:49:14', 'WdKBScSc17v59mGhWlGQh78e86ueHvDjNM7UWPGv6zESpoX3DnPdwTjjndGr'),
(71, 'aku', 'aku', 'aku@gmail.com', '$2y$10$zAhG7GPgPi4W7X8DtCLi7OUHq13F8AKYCV9eL33Txo4uB0lc1NLoq', 0, NULL, NULL, NULL, 'y2LfAY5tglKkGC7cf30x1HoFVPeg2M', '', NULL, '2016-09-24 18:07:50', '2016-09-24 18:08:16', 'MGQrxLRRQb2OKSf2ORyqn0r5auEUPVPkgYR7BpnPHUVEoqAP0k8ZLs0mz6vC'),
(70, 'rc', 'bd', 'lordgrifith@gmail.com', '$2y$10$3Z5nlp4QdaoldjSjwn1Jp.v/k1f2Fc4Ro6Y76Fq9.IdRBctpD0Vuu', 0, NULL, NULL, NULL, '', '', NULL, '2016-09-01 09:40:12', '2016-09-05 02:08:11', '4jmFXmNqP8T3gYJHS1arvQirY8I38bztvLHXdo9R98Ro5KhIRmZQXt0yap7E'),
(69, 'Irawan', 'Nugraha', 'hyper_beam_17@yahoo.com', '$2y$10$nyQIVPJbmVDtURawNUbCc.Mzr1Xqn68jYC0bZjNIugrPmT7eshI.i', 0, NULL, NULL, NULL, '', '', NULL, '2016-06-27 08:25:32', '2016-09-24 18:07:05', 'DtG7zmvSmjWwm4mld3g5UQEpv8dRxteTqFCJJlygBN0rMMkvF2M7hBtcsjLD'),
(66, 'Irawan', 'Nugraha', 'irawanioe@gmail.com', '$2y$10$Kxrx0qMiQkjHMRkMVS8XleFFkLL91V5I.utNSHlaWcyJUsa/O25sq', 0, NULL, NULL, NULL, '', '', NULL, '2016-06-01 12:38:02', '2016-06-01 13:22:36', 'sXfDojulwsGdoSbwKiKKp4WPo2B0povugNpfvGuK64qpSidgxVZIT8eYQ2UF'),
(67, 'Ahmad', 'Zaky', 'ahmadzaky003@gmail.com', '$2y$10$CZAys8VYZI6/2DdhgDej8ee3Qa2QpX2MMIZKrJ/4Fwbz6FqRoYhGW', 0, NULL, NULL, NULL, '', '', NULL, '2016-06-24 13:37:25', '2016-06-24 13:41:17', ''),
(80, 'Ryan', 'Christian', 'ryan.christ99@gmail.com', '$2y$10$asU8H.N3hM0QjV6QAQ0H4.RSTFCHr1qqKaTKftbLmKDhiXmCrv/V.', 0, NULL, NULL, NULL, '', '', NULL, '2016-10-23 19:24:14', '2016-10-23 19:34:51', ''),
(74, 'tubagus', 'hilman 2', 'tubagushilman91@gmail.com', '$2y$10$gjOfIYSnGY2iKNuVcjEBSOeUUm8xzE376SHBo03TtyEUDxrZo1LRm', 0, NULL, NULL, NULL, 'k7u9GXF3dkjgpxENHINFPPwBBYPk2c', '', NULL, '2016-10-12 17:22:10', '2016-10-12 17:25:39', 'UL3Z6MEUq6KxUO8Q9tyCs6cdFKJ56u7WBo4FcLuIUyknh6HTsZdl6tCExRaa'),
(75, 'Irawan', 'Nugraha', 'nastudio@gmail.com', '$2y$10$GumbUjG0RocnfNpbDwWAzOxOQYRxX523FY0vs9WgWehaGMIg0n5Ji', 0, NULL, NULL, NULL, '8uhwxCAu8UKwpueMoso3oO4EISGQbB', '', NULL, '2016-10-12 17:31:35', '2016-10-12 17:31:35', ''),
(78, 'abc', 'def', 'abc@gmail.com', '$2y$10$bV/.fTcoGYxgNfSu21FbseVNeimCmmGrA47I2yyNtMV51M8dhQNiK', 0, NULL, NULL, NULL, 'm433YvaDD4cug8nduXLOnOqAlIhGfx', '', NULL, '2016-10-12 20:15:20', '2016-10-12 20:15:20', ''),
(79, 'ERWIN SUNJAYA', 'ASIKIN', 'erwinasikin618@gmail.com', '$2y$10$wtwf8CsB.lvIQo3XYbGLs.9JSjB2/TSbiA3usgIghfluGiyNQRP8G', 0, NULL, NULL, NULL, '', '', NULL, '2016-10-13 19:07:50', '2016-10-13 19:09:45', ''),
(90, 'Lila Yuliana', '', '938156072955168@facebook.com', '$2y$10$4aIAi9ro0wAMYFhuZ.UXve5ENq8Q0nV5cJUc75jZJoB3ENgcROOze', 0, NULL, '938156072955168', 'AQDwDREQzp84uJk4edVe3lj5fQ7Hm8_BibjHFVKUNJAVEVplLwkCzTGPuqTc8yqSB6VM43ZWY7BQy2JrEninCaQRSdoRkt2wZ2s-DFHkU7zm-F6tWIphoQ-3DnJHfcRy8-jEC0JTg3GeBH06K0NEPBQv9G9hc3JwJYe8tbyIvl1bvIsCjrF709NL-vnZ6T_Vll6jPcYHSl6AIDBdZ6_3rhAtqJsQglrn8X718GsdV_3ywvod0XFM1XtyV8uMRQE', '', '', NULL, '2016-11-27 12:32:08', '2016-11-27 12:32:08', ''),
(88, 'Christian Ryan', '', '1458615334153412@facebook.com', '$2y$10$FSrXgp2nrVfBJ87nIV2e7erJML8lBm4Dm3v7qEWh6CvEp1y8bwd4K', 0, NULL, '1458615334153412', 'AQDKuuNAEi3UMTiiZ1GgCBZa0KnLF5serKzTm4njIecR56zUcui_8D0HD4LMEcS1i6UsxmMEN0W8cEwCYICQgYecc9zutOYsumzXwmyGADQUNL-Exb5Ox78Ln9Szw9IROl-zlMQSyw3hGX2xXBh2lE8kx8EfqjeB1FWYqdoGOyfURdcE6Pri9RsNTYCLEU5kYDHpecP-jrJvlfCm9u8QKbFt-o0jNwPGGs0iM2bf2004Jh9jjLnYfG3Q_zUKHmB', '', '', NULL, '2016-11-26 12:03:39', '2016-11-26 12:06:28', '1ZijnAq83x6uyumiq5bDnLqSV7mX0uoD5e9EkUmFA7YI8WHfyUlJqhE1Q3gp'),
(89, 'rocky budy', '', '106462783344075386662@google.com', '$2y$10$zhesTLsX4HBi8kes0hlXTOKb3F41tyUR9PwD1wFqpNuyViRrG2E3W', 0, NULL, '106462783344075386662', '4/h-DAb4qHCd1vu8HAv413jSrcc_CeU-4ZWZdBTuiL1L8', '', '', NULL, '2016-11-27 10:33:21', '2016-11-27 10:33:27', 'blCWwZAi6fP1ZCmgtzlBikExaZcISJpsSMcMwp3Zat9DQAGKXFUPc8Hf6Yi5'),
(87, 'Raditya Budi Prakosa', '', '10210010711598893@facebook.com', '$2y$10$8MT86jbby.WzFEslTJXTDuKqMtdby54aFbLXEvZ2sMfs.eCUukIL6', 0, NULL, '10210010711598893', 'AQBJpw6ky6kuYO53iN-gsFxkrG-dIvhUk6AI40l2dHzXsQwDG05P-V3IHGobZP2ZXqbSzeeASyZ-WpSK6LTEVOHpzaYjG-HIB_HLOxFqYtabxRv8Ncs3upobZTpYFYGPE54A_agh3bFjMPNzM6S7I5Hh1W_JCn3O7Rb6Xf3FOoc6CZxiblah3UgUDqXCK7SofreTSs_I7_aMiCxPIq5fmNrmIyYfTWtfCqG9tsMsfwdOqFRLxRhgujtGX19xlbx', '', '', NULL, '2016-11-25 08:16:49', '2016-11-25 08:17:29', '2gXM6qySAhuJ6wJxwJqj1XhOU5Hda2iBDnfJl9f03duAXBKwpYDpJ9nxrjIY'),
(92, 'Irawan Nugraha', '', '1358065310872318@facebook.com', '$2y$10$XpJJqrBP9WRYCDTWWECHJu2UEi84lzH3kpoXHeAwabPCwi8UacxYy', 0, NULL, '1358065310872318', 'AQDjs9GwUexpYnBA7ZkfE_G-19ou0lMVqrxJpeXhU6DH7Fa0f-WdlIU7Vc9W8_ZFSqweCIB9OcPmzElclBiwSB56I8oTJ-bM2_awIbyISan295X-aXp5qm7iVc6LSbhslr_fvT2IUoKTQy6LzDhxz3pZEpQpUfs6a62B_tcnVW3I-rRl9Oh8jtlTOC9QGfkQCXan7C_VDeiuaby4Dck_vNRJ4v1fRGEH-J_7sFvQmbEZzJ_A3eLs1lhBXZCOJJL', '', '', NULL, '2016-11-28 19:01:25', '2016-12-10 15:39:34', 'FqDaTiWDM4qftI7Lukd7UGfGVUP8mHeTyxqa8GhlcE5ecFXpvnhtDTk6TmKm'),
(93, 'stefanus', 'editya', 'stefanus.editya@yahoo.co.id', '$2y$10$wWJ0z6.CtN6ayqIvIf4rU.jNRVvOonBJ8L0JWgjK.5Pb3RvCCHrXi', 0, NULL, NULL, NULL, 'LsX2zs3tY4CUjKUeXwx8QkAg1zirWc', '', NULL, '2016-11-28 22:55:08', '2016-11-28 22:55:08', ''),
(94, 'Hendri', 'Faisal', 'hendrifaisal18@gmail.com', '$2y$10$mrhd6.A1v3ijCYDKlusPZ.X8yrO8oszdBcwX76Ne5QCkaCWlI1ATq', 0, NULL, NULL, NULL, '', '', NULL, '2016-11-29 08:06:34', '2016-12-26 19:38:27', 'TPzgdFQ9S95mK33ElUhjY5FxoZ6Lfz6lj6RHK9nQRGoj7Gvhr0NwPfm6FsCJ');

-- --------------------------------------------------------

--
-- Table structure for table `user_address`
--

CREATE TABLE IF NOT EXISTS `user_address` (
  `id` int(11) NOT NULL,
  `user_id` int(11) NOT NULL,
  `name` varchar(255) NOT NULL,
  `district` varchar(255) NOT NULL,
  `city` varchar(255) NOT NULL,
  `address` varchar(255) NOT NULL,
  `postal_code` varchar(255) NOT NULL,
  `phone_number` varchar(255) NOT NULL,
  `created_at` datetime NOT NULL,
  `updated_at` datetime NOT NULL
) ENGINE=MyISAM AUTO_INCREMENT=29 DEFAULT CHARSET=latin1;

--
-- Dumping data for table `user_address`
--

INSERT INTO `user_address` (`id`, `user_id`, `name`, `district`, `city`, `address`, `postal_code`, `phone_number`, `created_at`, `updated_at`) VALUES
(28, 94, 'Kantor', 'Jawa Barat', 'Bandung', 'ads', '40534', '213213', '2016-12-05 10:51:37', '2016-12-05 10:51:37'),
(26, 70, 'awdwa', 'wadawd', 'Aceh Barat', 'adawd', 'awdwad', 'awdawdaw', '2016-09-01 12:02:03', '2016-09-01 12:02:03'),
(27, 91, 'Rumah', 'Jawa Barat', 'Bandung', 'Foker', '40534', '123', '2016-11-29 07:32:58', '2016-11-29 07:32:58'),
(23, 69, 'Sukamekar', 'Jawa Barat', 'Bandung', 'Sukamekar', '40551', '089610288891', '2016-06-28 11:32:02', '2016-06-28 11:32:02');

-- --------------------------------------------------------

--
-- Table structure for table `user_bank`
--

CREATE TABLE IF NOT EXISTS `user_bank` (
  `id` int(11) NOT NULL,
  `user_id` int(11) NOT NULL,
  `bank_id` int(11) NOT NULL,
  `bank_account` varchar(255) NOT NULL,
  `nama_rekening` varchar(255) NOT NULL,
  `no_rekening` varchar(255) NOT NULL,
  `created_at` datetime NOT NULL,
  `updated_at` datetime NOT NULL
) ENGINE=MyISAM AUTO_INCREMENT=3 DEFAULT CHARSET=latin1;

--
-- Dumping data for table `user_bank`
--

INSERT INTO `user_bank` (`id`, `user_id`, `bank_id`, `bank_account`, `nama_rekening`, `no_rekening`, `created_at`, `updated_at`) VALUES
(1, 94, 2, 'BANK 1', 'Hendri Faisal Hidayat', '900900900', '2016-12-05 14:07:20', '2016-12-08 22:09:20');

-- --------------------------------------------------------

--
-- Table structure for table `user_cashout`
--

CREATE TABLE IF NOT EXISTS `user_cashout` (
  `id` int(11) NOT NULL,
  `user_id` int(11) NOT NULL,
  `account_number` varchar(255) NOT NULL,
  `account_name` varchar(255) NOT NULL,
  `account_bank` varchar(255) NOT NULL,
  `created_at` datetime NOT NULL,
  `updated_at` datetime NOT NULL
) ENGINE=MyISAM AUTO_INCREMENT=3 DEFAULT CHARSET=latin1;

-- --------------------------------------------------------

--
-- Table structure for table `user_confirmation_payment`
--

CREATE TABLE IF NOT EXISTS `user_confirmation_payment` (
  `id` int(11) NOT NULL,
  `transaction_id` int(11) NOT NULL,
  `user_id` int(11) NOT NULL,
  `image_link` varchar(255) NOT NULL,
  `created_at` datetime NOT NULL,
  `updated_at` datetime NOT NULL
) ENGINE=InnoDB AUTO_INCREMENT=19 DEFAULT CHARSET=latin1;

--
-- Dumping data for table `user_confirmation_payment`
--

INSERT INTO `user_confirmation_payment` (`id`, `transaction_id`, `user_id`, `image_link`, `created_at`, `updated_at`) VALUES
(8, 14, 94, 'public/images/upload_bukti/20161218172442_94_8_WIN_20161102_22_33_49_Pro (2).jpg', '2016-12-18 17:24:42', '2016-12-18 17:24:42'),
(9, 15, 94, 'public/images/upload_bukti/20161218180215_94_9_WIN_20161102_22_29_41_Pro.jpg', '2016-12-18 18:02:15', '2016-12-18 18:02:15'),
(10, 16, 94, 'public/images/upload_bukti/20161218192526_94_10_WIN_20161102_22_33_49_Pro.jpg', '2016-12-18 19:25:26', '2016-12-18 19:25:26'),
(11, 21, 94, 'public/images/upload_bukti/20161226084555_94_11_WIN_20161102_22_33_49_Pro (2).jpg', '2016-12-26 08:45:55', '2016-12-26 08:45:55'),
(12, 1, 94, 'public/images/upload_bukti/20161226085204_94_12_WIN_20161102_22_29_41_Pro.jpg', '2016-12-26 08:52:04', '2016-12-26 08:52:04'),
(13, 2, 94, 'public/images/upload_bukti/20161226090403_94_13_WIN_20161102_22_33_49_Pro.jpg', '2016-12-26 09:04:03', '2016-12-26 09:04:03'),
(14, 1, 94, 'public/images/upload_bukti/20161226094557_94_14_WIN_20161102_22_33_49_Pro.jpg', '2016-12-26 09:45:57', '2016-12-26 09:45:57'),
(15, 2, 94, 'public/images/upload_bukti/20161226094846_94_15_WIN_20161102_22_29_41_Pro - Copy.jpg', '2016-12-26 09:48:46', '2016-12-26 09:48:46'),
(16, 3, 94, 'public/images/upload_bukti/20161226111750_94_16_WIN_20161102_22_29_41_Pro - Copy.jpg', '2016-12-26 11:17:50', '2016-12-26 11:17:50'),
(17, 4, 94, 'public/images/upload_bukti/20161226200452_94_17_WIN_20161102_22_33_49_Pro.jpg', '2016-12-26 20:04:52', '2016-12-26 20:04:52'),
(18, 5, 94, 'public/images/upload_bukti/20161227194355_94_18_WIN_20161102_22_29_41_Pro.jpg', '2016-12-27 19:43:55', '2016-12-27 19:43:55');

-- --------------------------------------------------------

--
-- Table structure for table `user_confirmation_payment_bank`
--

CREATE TABLE IF NOT EXISTS `user_confirmation_payment_bank` (
  `id` int(11) NOT NULL,
  `transaction_id` int(11) NOT NULL,
  `user_id` int(11) NOT NULL,
  `account_name` varchar(255) NOT NULL,
  `account_number` varchar(255) NOT NULL,
  `account_bank` varchar(255) NOT NULL,
  `amount` int(11) NOT NULL,
  `account_destination` varchar(255) NOT NULL,
  `created_at` datetime NOT NULL,
  `updated_at` datetime NOT NULL
) ENGINE=MyISAM AUTO_INCREMENT=4 DEFAULT CHARSET=latin1;

--
-- Dumping data for table `user_confirmation_payment_bank`
--

INSERT INTO `user_confirmation_payment_bank` (`id`, `transaction_id`, `user_id`, `account_name`, `account_number`, `account_bank`, `amount`, `account_destination`, `created_at`, `updated_at`) VALUES
(1, 1, 94, 'Hendri Faisal Hidayat', '900900900', '1', 250000, 'bca', '2016-12-12 03:47:42', '2016-12-12 03:47:42'),
(2, 2, 94, 'Hendri Faisal Hidayat', '900900900', '1', 250000, 'bca', '2016-12-12 04:04:52', '2016-12-12 04:04:52'),
(3, 4, 94, 'Hendri Faisal Hidayat', '900900900', '1', 250000, 'bca', '2016-12-12 04:22:03', '2016-12-12 04:22:03');

--
-- Indexes for dumped tables
--

--
-- Indexes for table `admin`
--
ALTER TABLE `admin`
  ADD PRIMARY KEY (`id`);

--
-- Indexes for table `area`
--
ALTER TABLE `area`
  ADD PRIMARY KEY (`id`);

--
-- Indexes for table `bank`
--
ALTER TABLE `bank`
  ADD PRIMARY KEY (`id`);

--
-- Indexes for table `banner`
--
ALTER TABLE `banner`
  ADD PRIMARY KEY (`id`);

--
-- Indexes for table `brand`
--
ALTER TABLE `brand`
  ADD PRIMARY KEY (`id`);

--
-- Indexes for table `category`
--
ALTER TABLE `category`
  ADD PRIMARY KEY (`id`);

--
-- Indexes for table `coupon`
--
ALTER TABLE `coupon`
  ADD PRIMARY KEY (`id`);

--
-- Indexes for table `fee_rate`
--
ALTER TABLE `fee_rate`
  ADD PRIMARY KEY (`id`);

--
-- Indexes for table `merchant`
--
ALTER TABLE `merchant`
  ADD PRIMARY KEY (`id`);

--
-- Indexes for table `merchant_detail`
--
ALTER TABLE `merchant_detail`
  ADD PRIMARY KEY (`id`);

--
-- Indexes for table `message`
--
ALTER TABLE `message`
  ADD PRIMARY KEY (`id`);

--
-- Indexes for table `mlm`
--
ALTER TABLE `mlm`
  ADD PRIMARY KEY (`id`);

--
-- Indexes for table `mlm_detail`
--
ALTER TABLE `mlm_detail`
  ADD PRIMARY KEY (`id`);

--
-- Indexes for table `mlm_level`
--
ALTER TABLE `mlm_level`
  ADD PRIMARY KEY (`id`);

--
-- Indexes for table `mlm_merchant`
--
ALTER TABLE `mlm_merchant`
  ADD PRIMARY KEY (`id`);

--
-- Indexes for table `mlm_user`
--
ALTER TABLE `mlm_user`
  ADD PRIMARY KEY (`id`);

--
-- Indexes for table `product`
--
ALTER TABLE `product`
  ADD PRIMARY KEY (`id`);

--
-- Indexes for table `product_image`
--
ALTER TABLE `product_image`
  ADD PRIMARY KEY (`id`);

--
-- Indexes for table `product_spec`
--
ALTER TABLE `product_spec`
  ADD PRIMARY KEY (`id`);

--
-- Indexes for table `promotion`
--
ALTER TABLE `promotion`
  ADD PRIMARY KEY (`id`);

--
-- Indexes for table `template_colour`
--
ALTER TABLE `template_colour`
  ADD PRIMARY KEY (`id`);

--
-- Indexes for table `template_description`
--
ALTER TABLE `template_description`
  ADD PRIMARY KEY (`id`);

--
-- Indexes for table `template_size`
--
ALTER TABLE `template_size`
  ADD PRIMARY KEY (`id`);

--
-- Indexes for table `transaction`
--
ALTER TABLE `transaction`
  ADD PRIMARY KEY (`id`);

--
-- Indexes for table `transaction_detail`
--
ALTER TABLE `transaction_detail`
  ADD PRIMARY KEY (`id`);

--
-- Indexes for table `transaction_detail_notification`
--
ALTER TABLE `transaction_detail_notification`
  ADD PRIMARY KEY (`id`);

--
-- Indexes for table `transaction_notification`
--
ALTER TABLE `transaction_notification`
  ADD PRIMARY KEY (`id`);

--
-- Indexes for table `transaction_resi`
--
ALTER TABLE `transaction_resi`
  ADD PRIMARY KEY (`id`);

--
-- Indexes for table `transaction_shipping_fee`
--
ALTER TABLE `transaction_shipping_fee`
  ADD PRIMARY KEY (`id`);

--
-- Indexes for table `user`
--
ALTER TABLE `user`
  ADD PRIMARY KEY (`id`);

--
-- Indexes for table `user_address`
--
ALTER TABLE `user_address`
  ADD PRIMARY KEY (`id`),
  ADD KEY `user_id` (`user_id`);

--
-- Indexes for table `user_bank`
--
ALTER TABLE `user_bank`
  ADD PRIMARY KEY (`id`);

--
-- Indexes for table `user_cashout`
--
ALTER TABLE `user_cashout`
  ADD PRIMARY KEY (`id`);

--
-- Indexes for table `user_confirmation_payment`
--
ALTER TABLE `user_confirmation_payment`
  ADD PRIMARY KEY (`id`);

--
-- Indexes for table `user_confirmation_payment_bank`
--
ALTER TABLE `user_confirmation_payment_bank`
  ADD PRIMARY KEY (`id`);

--
-- AUTO_INCREMENT for dumped tables
--

--
-- AUTO_INCREMENT for table `admin`
--
ALTER TABLE `admin`
  MODIFY `id` int(11) NOT NULL AUTO_INCREMENT,AUTO_INCREMENT=6;
--
-- AUTO_INCREMENT for table `area`
--
ALTER TABLE `area`
  MODIFY `id` int(11) NOT NULL AUTO_INCREMENT,AUTO_INCREMENT=502;
--
-- AUTO_INCREMENT for table `bank`
--
ALTER TABLE `bank`
  MODIFY `id` int(11) NOT NULL AUTO_INCREMENT,AUTO_INCREMENT=6;
--
-- AUTO_INCREMENT for table `banner`
--
ALTER TABLE `banner`
  MODIFY `id` int(11) NOT NULL AUTO_INCREMENT,AUTO_INCREMENT=8;
--
-- AUTO_INCREMENT for table `brand`
--
ALTER TABLE `brand`
  MODIFY `id` int(11) NOT NULL AUTO_INCREMENT,AUTO_INCREMENT=169;
--
-- AUTO_INCREMENT for table `category`
--
ALTER TABLE `category`
  MODIFY `id` int(11) NOT NULL AUTO_INCREMENT,AUTO_INCREMENT=43;
--
-- AUTO_INCREMENT for table `coupon`
--
ALTER TABLE `coupon`
  MODIFY `id` int(11) NOT NULL AUTO_INCREMENT,AUTO_INCREMENT=6;
--
-- AUTO_INCREMENT for table `fee_rate`
--
ALTER TABLE `fee_rate`
  MODIFY `id` int(11) NOT NULL AUTO_INCREMENT,AUTO_INCREMENT=7;
--
-- AUTO_INCREMENT for table `merchant`
--
ALTER TABLE `merchant`
  MODIFY `id` int(11) NOT NULL AUTO_INCREMENT,AUTO_INCREMENT=189;
--
-- AUTO_INCREMENT for table `merchant_detail`
--
ALTER TABLE `merchant_detail`
  MODIFY `id` int(11) NOT NULL AUTO_INCREMENT,AUTO_INCREMENT=8;
--
-- AUTO_INCREMENT for table `message`
--
ALTER TABLE `message`
  MODIFY `id` int(11) NOT NULL AUTO_INCREMENT,AUTO_INCREMENT=2;
--
-- AUTO_INCREMENT for table `mlm`
--
ALTER TABLE `mlm`
  MODIFY `id` int(11) NOT NULL AUTO_INCREMENT,AUTO_INCREMENT=39;
--
-- AUTO_INCREMENT for table `mlm_detail`
--
ALTER TABLE `mlm_detail`
  MODIFY `id` int(11) NOT NULL AUTO_INCREMENT;
--
-- AUTO_INCREMENT for table `mlm_level`
--
ALTER TABLE `mlm_level`
  MODIFY `id` int(11) NOT NULL AUTO_INCREMENT,AUTO_INCREMENT=5;
--
-- AUTO_INCREMENT for table `mlm_merchant`
--
ALTER TABLE `mlm_merchant`
  MODIFY `id` int(11) NOT NULL AUTO_INCREMENT,AUTO_INCREMENT=12;
--
-- AUTO_INCREMENT for table `mlm_user`
--
ALTER TABLE `mlm_user`
  MODIFY `id` int(11) NOT NULL AUTO_INCREMENT;
--
-- AUTO_INCREMENT for table `product`
--
ALTER TABLE `product`
  MODIFY `id` int(11) NOT NULL AUTO_INCREMENT,AUTO_INCREMENT=212;
--
-- AUTO_INCREMENT for table `product_image`
--
ALTER TABLE `product_image`
  MODIFY `id` int(11) NOT NULL AUTO_INCREMENT,AUTO_INCREMENT=1019;
--
-- AUTO_INCREMENT for table `product_spec`
--
ALTER TABLE `product_spec`
  MODIFY `id` int(11) NOT NULL AUTO_INCREMENT,AUTO_INCREMENT=44;
--
-- AUTO_INCREMENT for table `promotion`
--
ALTER TABLE `promotion`
  MODIFY `id` int(11) NOT NULL AUTO_INCREMENT,AUTO_INCREMENT=5;
--
-- AUTO_INCREMENT for table `template_colour`
--
ALTER TABLE `template_colour`
  MODIFY `id` int(11) NOT NULL AUTO_INCREMENT,AUTO_INCREMENT=9;
--
-- AUTO_INCREMENT for table `template_description`
--
ALTER TABLE `template_description`
  MODIFY `id` int(11) NOT NULL AUTO_INCREMENT,AUTO_INCREMENT=6;
--
-- AUTO_INCREMENT for table `template_size`
--
ALTER TABLE `template_size`
  MODIFY `id` int(11) NOT NULL AUTO_INCREMENT,AUTO_INCREMENT=7;
--
-- AUTO_INCREMENT for table `transaction`
--
ALTER TABLE `transaction`
  MODIFY `id` int(11) NOT NULL AUTO_INCREMENT,AUTO_INCREMENT=6;
--
-- AUTO_INCREMENT for table `transaction_detail`
--
ALTER TABLE `transaction_detail`
  MODIFY `id` int(11) NOT NULL AUTO_INCREMENT,AUTO_INCREMENT=6;
--
-- AUTO_INCREMENT for table `transaction_detail_notification`
--
ALTER TABLE `transaction_detail_notification`
  MODIFY `id` int(11) NOT NULL AUTO_INCREMENT,AUTO_INCREMENT=8;
--
-- AUTO_INCREMENT for table `transaction_notification`
--
ALTER TABLE `transaction_notification`
  MODIFY `id` int(11) NOT NULL AUTO_INCREMENT,AUTO_INCREMENT=13;
--
-- AUTO_INCREMENT for table `transaction_resi`
--
ALTER TABLE `transaction_resi`
  MODIFY `id` int(11) NOT NULL AUTO_INCREMENT,AUTO_INCREMENT=4;
--
-- AUTO_INCREMENT for table `transaction_shipping_fee`
--
ALTER TABLE `transaction_shipping_fee`
  MODIFY `id` int(11) NOT NULL AUTO_INCREMENT,AUTO_INCREMENT=6;
--
-- AUTO_INCREMENT for table `user`
--
ALTER TABLE `user`
  MODIFY `id` int(11) NOT NULL AUTO_INCREMENT,AUTO_INCREMENT=96;
--
-- AUTO_INCREMENT for table `user_address`
--
ALTER TABLE `user_address`
  MODIFY `id` int(11) NOT NULL AUTO_INCREMENT,AUTO_INCREMENT=29;
--
-- AUTO_INCREMENT for table `user_bank`
--
ALTER TABLE `user_bank`
  MODIFY `id` int(11) NOT NULL AUTO_INCREMENT,AUTO_INCREMENT=3;
--
-- AUTO_INCREMENT for table `user_cashout`
--
ALTER TABLE `user_cashout`
  MODIFY `id` int(11) NOT NULL AUTO_INCREMENT,AUTO_INCREMENT=3;
--
-- AUTO_INCREMENT for table `user_confirmation_payment`
--
ALTER TABLE `user_confirmation_payment`
  MODIFY `id` int(11) NOT NULL AUTO_INCREMENT,AUTO_INCREMENT=19;
--
-- AUTO_INCREMENT for table `user_confirmation_payment_bank`
--
ALTER TABLE `user_confirmation_payment_bank`
  MODIFY `id` int(11) NOT NULL AUTO_INCREMENT,AUTO_INCREMENT=4;
/*!40101 SET CHARACTER_SET_CLIENT=@OLD_CHARACTER_SET_CLIENT */;
/*!40101 SET CHARACTER_SET_RESULTS=@OLD_CHARACTER_SET_RESULTS */;
/*!40101 SET COLLATION_CONNECTION=@OLD_COLLATION_CONNECTION */;
